,-3.46,101520.74
42470000,28:19:23+00:00,,,,-3.43,101:00,,,,-3.44,101517.185
42530000,2025-12-27T08:19:43+00:00,,,,-343,101521.220
42540000,2025-12-27T08:19:53+00:00,,,,-3.42,10152+00:00,,,,-3.42,101518.154
42570000,20280:00,,,,-3.41,101515.53
42600000,2025-12-27T08:20:53+00:00,,,,-32025-12-27T08:21:03+00:00,,,,-3.40,1015230000,2025-12-27T08:21:23+00:00,,,,-3.40,101519.196
42640000,202:21:43+00:00,,,,-3.40,13.156
42690000,2025-12-27T08:22:23+00:00,,,,-3.35,101524.12
427003+00:00,,,,-3.36,101525.157
42710000,2025-2:53+00:00,,,,-3.35,101526.128
42730000,2025-12-27T08:23:03+00:00,,,,-3.34,101528.252
42740000,2025-12-27T08:23:13+00:00,,,,-3.32,101532.165
427500000,2025-12-27T08:23:43+00:00,,,,-3.32,101530.23
42780000,2025-12-03+00:00,,,,-3.31,10,101533.111
42820000,2025-12-27T08:24:33+00:00,,,,-3.29,101532.130,2025-12-27T08:24:1,,,-3.26,101528.83
42880000,2025-12-27T08:25:33+00:00,,,,-3.25,12025-12-27T08:25:43+00:00,,,,-3.24,101526.108
42025-12-27T08:26:03+00:00,,,,-3.23,101530.200
42920000,2025-12-2T08:26:13+00:00,,,,-3.22,101525.146
42930000,2025-12-27T08:26:2+00:00,,,,-3.21,01525.103
42960000,2025-12-27T08:26:53+00:00,,,,-3.18,101527.166,2025-12-27T08:2,-3.19,101526.211
43020000,2025-12-27T08:27:53+00:00,,,,-3.19,10527.242
4303002025-12-27T08:28:23+00:00,,,,-3.17,101523.133
43060000,2025-12-2+00:00,,,,-3.1,-3.14,101523.208
43090000,2025-12-27T08:29:03+00:00,,,,-3.12,1043110000,2025-12-27T08:29:23+00:00,,,,-3.10,101520.118
43120000,:29:33+00:00,,,,-3.10,101520.134
43130000,2025-12-27T08:29:43+00:00,,,,-3.11,101516.15
43140000,2025-12-27T08:29:53+00:00,,,,-3.12,101521.233
43150000,2025-12-27T08:30:03+00:00,,,517.172
43173180000,2025-12-27T08:30:33+00:00,,,,-3.10,101515.64
43190000,208:30:53+00:00,,,,-3.11,101514.77
43210000,2025-12-27T08:31:03+001,101513.145
43220000,2025-12-27T08:31:13+00:00,,,,-37.248
43240000,2025-12-27T08:31:33+00:00,,,,-3.10,101510.35
432512-27T08:32:03+00:00,,,,-3.9,101516.117
43280000,2025-12-27T08:32:13+00:0001517.148
43300000,2025-12-27T08:32:33+00:00,,,,-3.6,101519.209
3310000,8:33:03+00:00,,,,-3.2,101512.154
43340000,2025-12-27T08:33:13+002,1015158,2025-12-27T08:33:53+00:00,,,,-3.2,101507.247
43390000,2025-12-2+00:00,0.169
43430000,2025-12-27T08:34:43+00:00,,,,-2.99,101507.77
4344000,2025-12-27T08:34:53+00:00,,,,-3.0,101503.104
43450000,2025-08:35:03+00:00,,,,-2.99,101505.98
43460000,2025-12-27T08:3,,,,-2.99,101506.210
43480000,2025-12-27T08:35:33+00:00,,,,-2.9979
4300,2025-12-27T08:36:03+00:00,,,,-2.99,101510.12
43520000,2025-12,,,-13025-12-27T08:37:13+00:00,,,,-2.99,101513.225
43590000,2025-12-27:37:23+00:00,,,,-3.1,101507.40
43600000,2025-12-27T08:37:33+03.0,101512.131
43620000,2025-12-27T08:37:53+00:00,,,,-2.99,1015100:38:33+00:00,,,,-2.97,101507.252
43670000,2025-12-27T08:38:43+00.2.140
43700000,2025-12-27T08:39:13+00:00,,,,-2.96,101514.53
43710000,2025-12-27T08:39:23+00:00,,,,-2.96,101518.76
43720000,2025-39:43+00:00,,,,-2.95,101519.6
43740000,2025-12-27T08:39:53+00:00,101513.48
43760000,2025-12-27T08:40:13+00:00,,,,-2.95,101522.220-27T08:40:43+00:00,,,,-2.95,101521.67
43800000,2025-12-27T08:40:,-2.94,101527.76
43820000,2025-12-27T08:41:13+00:00,,,,-2.95,15328:41:53+00:00,,,,-2.93,101524.128
43870000,2025-12-27T08:42:00:00,,,,-2.93,101526.189
43880000,2025-12-27T08:42:13+00:00,,,,-26.178
43900000,2025-12-27T08:42:33+00:00,,,,-2.95,101521.246
43,202::00,,,,-2.93,101522.150
43950000,2025-12-27T08:43:23+00:00,,,,-21015330000,2025-12-27T08:43:53+00:00,,,,-2.92,101521.198
43990000,2025-12-27T08:44:03+00:00,,,,-2.91,101528.98
44000000,2025-12-27T08:23+0091,101533.128
44030000,2025-12-27T08:44:43+00:00,,,,-2.91,101533000,2025-12-27T08:45:03+00:00,,,,-2.90,101531.23
440600002-27T08:45:13+00:00,,,,-2.90,101533.165
44070000,2025-12-27T08:40,,,,-2.88,101536.171
44090000,2025-12-27T08:45:43+00:00,,,,-2.89,101535.3
44100000,2025-12-27T08:45:53+00:00,,,,-2.88,12025-12-27T08:46:13+00:00,,,,-2.88,101536.22
44130000,2025-12-27++00:00,,,,-2.90,101535.210
44160000,2025-12-27T08:46:53+00:00,,,,-2.89,101538.176
44170000,2025-12-27T08:47:03+00:00,,,,-2.89,101534.218
44180000,2025-12-27T08:47:13+00:00,,,,-2.88,101542.67
44190000,225-12-27T08:47:23+00:00,,,,-2.87,101544.109
44200000,T08:47:33+00:00,,,,-2.87,101543.79
44210000,2025-12-27T08:47:43+0:00,,,,-2.87,101545.72
44220000,2025-12-27T08:47:53+00:00,,,,-2.86,101544.58
44230000,2025-12-27T08:48:03+00:00,,,,-2.86,10154548.26
44250000,2025-12-27T08:48:23+00:00,,,,-2.87,101546.252
44260000,202580,,,,-2.86,101550.76
44290000,2025-12-27T08:49:03+00,101551.226
44300000,2025-12-27T08:49:13+00:00,,,,-2.86,101551.13
44310000,2025-12-27T08:49:23+00:00,,,,-2.84,101551.152
443200-27T08:49:43+00:00,,,,-2.85,101549.42
44340000,202553+00:00,,,,-2.83,101550.233
44350000,2025-12-27T08:50:03+00:00,1546.234
44370000,2025-12-27T08:50:23+00:00,,,,-2.82,101554.213
.183
44390000,7T08:50:53+00:00,,,,-2.82,101548.169
44410000,2025-12-27T08:51:0+00:00,,,,-2.82,101547.0
44420000,2025-12-27T08:51:13+00:00,,,,-2.81,101549.125
44430000,2025-12-27T08:51:23+00:551.52
44440000,2025-12-27T08:51:33+00:00,,,,-2.80,101551.216
4425-12-27T08:51:53+00:00,,,,-2.80,101548.139
44470000,2025-12-27T12-27T08:52:13+02.78,101558.154
44500000,2025-12-27T08:52:33+00:00,,,,-2.78,1015520000,2025-12-27T08:52:53+00:00,,,,-2.79,101555-12-27T08:53:03+00:00,,,,-2.79,101558.83
44540000,2025-12-27T0800,,,,-2.79,101559.210
44560000,2025-12-27T08:53:33+00:00,,,,-200,,,,-2.77,101563000,2025-12-27T08:54:03+00:00,,,,-2.76,101559.65
44600000,2025-1:23+00:00,,,,-2.75,101559.184
44620000,2025-1,101559.65
44640000,2025-12-27T08:54:53+00:00,,,,-2.75,101560.11,2025-12-27T08:55:13+00:00,,,,-2.77,101563.97T08:55:23+00:00,,,,-2.77,101564.72
44680000,2025-12-27T08:55:33-2.78,101568.235
44700000,2025-12-27T08:55:53+00:00,,,,-2.77,101,,,-2.77,101568.235
4720000,2025-12-27T08:56:13+00:00,,,,-2.77,101564.32
44730000,20208:56:33+00:00,,,,-2.76,101571.63
44750000,2025-12-27T08:56:43+0:00,,,,-2.76,101572.134
44760000,2025-12-2.75,101569.196
44770000,2025-12-27T08:57:03+00:00,,,,-2.78,101590000,2025-12-27T08:57:23+00:00,,,,-2.77,101570.133
44800000,20244810000,2025-12-27T08:0,,,,-2.77,101567.138
44830000,2025-12-27T08:58:03+00:00,,,,-2.73
44850000,2025-12-27T08:58:23+00:00,,,,,2025-12-27T08:58:33+00:00,,,,-2.82,101573.137
44870000,2025-12-27T08:58:43+00:00,,,,-2.81,101567.140
44880000,2025-12-27T08:58:,,,-2.81,101567.237
44900000,2025-12-27101565.69
44910000,2025-12-27T08:59:23+00:00,,,,-2.80,101569.2477T08:59:53+00:00,,,,-2.80,101570.180
43+00:00,,,,-2.80,101571.211
44960000,2025-12-27T09:00:13+00:00,,01575.97
44980000,2025-12-27T09:00:33+00:00,,,,-2.82,101570.5
442.81,101573.241
45000000,2009:01:03+00:00,,,,-2.80,101574.113
45020000,2025-12-27T09:01:13+-2.83,101572.214
45040000,2025-12-27578.25
45050000,2025-12-27T09:01:43+00:00,,,,-2.85,101575.82
450-12-27T09:02:03+00:00,,,,-2.84,101572.176
45080000,2025-12-27T09090000,2025-12-27T09:02:23+0084,101576.216
45110000,2025-12-27T09:02:43+00:00,,,,-2.83,1015810000,2025-12-27T09:03:03+00:00,,,,12-27T09:03:13+00:00,,,,-2.83,101577.237
45150000,2025-12-27T09:0,,,,-2.82,101578.125
45170000,2025-12-27T09:03:43+00:00,,,,-2.809:03:53+00:00,,,,-2.81,101583.00,2025-12-27T09:04:13+00:00,,,,-2.81,101585.90
45210000,2025-1233+00:00,,,,-2.80,101577.189
452,,,-2.80,101574.97
45240000,2025-12-27T09:04:53+00:00,,,,-2.81,1
45260000,2025-12-27T09:05:13+00:00,,,,-2.80,101570.139
452700002.79,101576.181
45280000,2025-12-3+00:00,,,,-2.80,101578.153
45300000,2025-12-27T09:05:53+00:00,,1580.154
45320000,2025-12-27T045330000,2025-12-27T09:06:23+00:00,,,,-2.80,101579.224
45340000,T09:06:43+00:00,,,,-2.78,101583.56
45360000,2025-12-27T09:06:53+70000,2025-12-27T09:07:03+00:00,,,,584.168
45390000,2025-12-27T09:07:23+00:00,,,,-2.78,101591.54
4525-12-27T09:07:43+00:00,,,,-09:07:53+00:00,,,,-2.77,101579.161
45430000,2025-12-27T09:08:03+00:00,,,,-2.79,101581.185
45440000,2025-12-27T09:08:13+00:00,,,,-2.79,101590.115
45450000,2025-12-27T09:08:23+00:00,,,,-2.80,101586.217
45460000,2025-12-2745470000,2025-12-27T09:08:43+00:00,,,,-2.80,101594.149
45480000,2025-12-27T09:08:53+00:00,,,,-2.80,101594.11
45490000,2025-12-27T09:09:03+00:00,,,,-2.81,101594.61
45500000,2025-12-27T09:09:13+05510000,2025-12-27T09:09:23+00:00,,,,-93.131
45530000,2025-12-27T09:09:43+00:00,,,,-2.82,101597.49
4555-12-27T09:10:03+00:00,,,9:10:13+00:00,,,,-2.89,101589.252
45570000,2025-12-27T09:10:23+00:00,,,,-2.89,101588.174
45580000,2025-12-27T09:10:33+00:00,,,,-90.153
45600000,2025-12-610000,2025-12-27T09:11:03+00:00,,,,-2.88,101596.31
45620000,2029:11:23+00:00,,,,-2.87,101594.33
45640000,2025-12-27T09:11:33+0045650000,2025-12-27T09:11:43+00:00,,,,-2.104
45670000,2025-12-27T09:12:03+00:00,,,,-2.86,101596.248
4568012-27T09:12:23+00:00,,12:33+00:00,,,,-2.86,101597.162
45710000,2025-12-27T09:12:43+00:85,101597.70
45730000,2025-12-27T09:13:03+00:00,,,,-2.87,101593.27T09:13:13+00:00,,,,-2.87,101598.89
4575002-27T09:13:33+00:00,,,,-2.87,101592.234
45770000,2025-12-27T09:1,,,,-2.86,101596.172,2025-12-27T09:14:33+00:00,,,,-2.87,101593.182
45830000,2025-12-27,-2.86,101598.63
45840000,2025-12-27T09:14:53+,-2.86,101598.104
45860000,2025-12-27T09:15:13+00:00,,,,-2.86,10880000,2025-12-27T5-12-27T09:15:43+00:00,,,,-2.86,101600.124
45900000,2025-12-27T0:00,,,,-2.86,101602.21
45920000,2025-12-27T09:16:13+00:00,,,,-2.0000,2025-12-27T09:16:23+00:00,,,,-2.85,101606.00,2025-12-27T09:16:43+00:00,,,,-2.84,101604.45
45960000,2025-12:03+00:00,,,,-2.,,,,-2.85,101596.106
45990000,2025-12-27T09:17:23+00:00,,,,-2.8456
46010000,2025-12-27T09:17:43+00:00,,,,-2.83,101607.10
4602000:17:53+00:00,,,,-2.84,101600.251
46030000,2025-12:13+00:00,,,,-2.82,101604.220
46050000,2025-12-27T09:18:23+00:00101608.15
4607
46080000,2025-12-27T09:18:53+00:00,,,,-2.82,101603.26
46090000,T09:19:13+00:00,,,,-2.81,101607.129
46110000,2025-12-27T09:19:2381,101608.38
46120000,2025-12-27T09:19:33+00:00,,,,11.47
46140000,2025-12-27T09:19:52+00:00,,,,-2.80,101610.211
4615-12-27T09:2:20:22+00:00,,,,-2.80,101605.58
46180000,2025-12-27T09:20:32+00:,101608.160
46200000,2025-12-27T09:20:52+00:00,,,,-2.81,101608.2,2025-12-27T09:21:02+00:00,,,,-2.81,101610.114
46220000,2025-12-27T09:21:12+00:00,,,,-2.80,101608.109
46230000,2025-1-27T09:21:22+00:00,,,,-2.80,101610.6
46240000,2025-12-27T09:21:,,-2.80,1001606.63
46270000,2025-12-27T09:22:02+00:00,,,,-2.80,101605.156
2025-12-27T09:22:22+00:00,,,,-2.79,101606.209
46300000,2025-12-22+00:00,,,,-2.78,101609.152
46310000,2025-12-27T09:22:4,1606.180
46340000,2025-12-27T09:23:12+00:00,,,,-2.77,101608.62
42025-12-27T09:23:22+00:00,,,,-2.77,101603.237
46360000,225-12-27T09:23:32+00:00,,,,-2.77,101605.175
46370000,2025-12-27+00:00,,,,-2.77,101604.119
46390000,2025-12-27T09:24:02+00:00,,,101605.253
46400000,2025-12-27T09:24:12+00:00,,,,-2.76,1046420000,2025-12-27T09:24:32+00:00,,,,-2.75,101607.2
46430000,2009:24:00:00,,,,-2.74,101605.169
46460000,2025-12-27T09:25:12+00:00,,,,606.57
46480000,2025-12-27T09:25:32+00:00,,,,-2.74,101606.199
460,2025-12-27T09:25:42+00:00,,,,-2.73,101604.38
46500000,2025-12-27T09:25:52+00:00,,,,-2.73,101600.121
46510000,2025-12-27T00:00,,,,-2.73,101606.180
46530000,2025-12-27T09:26:22+00:00,,,,-,101608.213
46540000,2025-12-27T09:26:32+00:00,,,,-2.73,101660000,2025-12-27T09:26:52+00:00,,,,-2.72,101606.137
46570000,2029:20:00,,,,-2.71,101603.19
46600000,2025-12-27T09:27:32+00:00,,,,-2.81
46620000,2025-12-27T09:27:52+00:00,,,,-2.70,101600.163
466300,2025-12-27T09:28:02+00:00,,,,-2.70,101605.29
46640000,2025-18:22+00:00,,,,-2.70,101611.178
46660000,2025-12-27T09:28:32+00:0041
46690000,2025-12-27T09:29:02+00:00,,,,-2.69,101608.224
467000-27T09:29:22+00:00,,,,-2.68,101610.144
46720000,2025-12-27T09:2932+00:00,,,,-2.68,101609.195
46730000,2025-12-27T09:29:42+00:00,101612.41
46750000,2025-12-27T09:30:02+00:00,,,,-2.69,101607.3046760000,2025-12-27T09:30:12+00:00,,,,-2.68,101612.83
46770000,-2.68,101617.235
46810000,2025-12-27T09:31:02+00:00,,,,-2.68,830000,2025-12-27T09:31:22+00:00,,,,-2.67,101623.121
46840000,209:31:42+00:00,,,,-2.67,101612.38
46860000,2025-12-27T09:31:52:00,,,,-2.68,101621.152
46870000,2025-12-27T09:32:02+00:00,,,,-2.48
46890000,2025-12-27T09:32:22+00:00,,,,-2.68,101620.55
4690005-12:52+00:00,,,,-2.66,101621.165
46930000,2025-12-27T09:33:02+00:00,101617.83
46950000,2025-12-27T09:33:22+00:00,,,,-2.66,10160,2025-12-27T09:33:42+00:00,,,,-2.66,101623.36
46980000,2025-12-27T09:33:52+00:00,,,,-2.66,101619.144
46990000,2025-12-27T09:34::00,,,624.22
47020000,2025-12-27T09:34:32+00:00,,,,-2.63,101624.3
4703--27T09:35:02+00:00,,,,-2.64,101623.155
47060000,2025-12-27T09:35:12+00:64,101622.254
47080000,2025-12-27T09:35:32+00:00,,,,-2.64,10162146
471002-27T09:36:02+00:00,,,,-2.62,101621.139
47120000,2025-12-27T09:3,,,,-2.61,101621.87
47140000,2025-12-27T09:36:32+00:00,101624.202
47150000,2025-12-27T09:36:42+00:00,,,,-2.63,101621.100,2025-12-27T09:37:02+00:00,,,,-2.63,101622.40
47180000,2025-122-27T09:37:,,,-2.61,101623.67
47210000,2025-12-27T09:37:42+00:00,,,,-2.62,163
472400007T09:38:22+00:00,,,,-2.62,101626.250
47260000,2025-12-27T09:38:3,0,,,,-2.60,1
47300000,2025-12-27T09:39:12+00:00,,,,-2.60,101625.68
47310000,T09:39:32+00:00,,,,-2.59,101627.242
47330000,2025-1+-2.60,101629.124
47350000,2025-12-27T09:40:02+00:00,,,,-2.63,1010000,2025-12-27T09:40:22+00:00,,,,-2.62,101632.188-12-27T09:40:32+00:00,,,,-2.63,101632.248
47390000,2025-12-27T09:00,,,,-2.63,101634.161
47410000,2025-12-27T09:41:02+00:00,,,,-2,,,,-2.62,101631.239
47430000,2025-12-27T09:41:22+00:00,,,,-2.61,101635.65
4744-12-27T09:41:42+00:00,,,,-2.61,101633.167
47460000,2025-12-27T092-27T09:42:02+0061,101635.162
47490000,2025-12-27T09:42:22+00:00,,,,-2.59,10163500,2025-12-27T09:42:42+00:00,,,,-2.61,101628.212-27T09:42:52+00:00,,,,-2.61,101633.4
47530000,2025-12-27T09:43:,,,-2.60,101630.139
47550000,2025-12-27T09:43:22+00:00,,,,-2.59,,,-2.59,101633.57
47570000,2025-12-27T09:43:42+00:00,,,,-2.59,101638.127
47580000,7T09:44:02+00:00,,,,-2.59,101633.15
47600000,2025-12-27T09:44:12T09:44:22+00:00,,,,-2.59,101631.241
47620000,2025-12-27T09:44:32+00:00,,,,-2.60,10137.164
47630000,2025-12-27T09:44:42+00:00,,,,-2.59,101636.190
47640000,2025-12-27T09:44:52+00:00,,,,-2.59,101637.97
47650000,2047660000,2025-12-27T0:00,,,,-2.57,101634.49
47680000,2025-12-27T09:45:32+00:00,,,,-26.111
47700000,2025-12-27T09:45:52+00:00,,,0000,2025-12-27T09:46:02+00:00,,,,-2.59,101629.181
47720000,202546:22+00:00,,,,-2.57,101638.253
47740000,2025-12-27T09:46:32+00:0T09:46:42+00:00,,,,-2.56,101638.203
47760000,2025-12-27T09:46:52+00:00,,,,-2.56,101633000,2025-12-27T09:47:12+00:00,,,,-2.58,101637.201
47790000,2025-7800000,2025-12-27T09:47:32+00:00,,,,-2.56,101642.203
47810000,2025-12-27T09:47:42+00:0101641.59
47830000,2025-12-27T09:48:02+00:00,,,,-2.57,101638.90
.58,101639.31
47850000,209:48:32+00:00,,,,-2.56,101639.28
47870000,2025-12-27T09:48:42+02.56,101634.80
47890000,2025-12-27T09:46.182
47900000,2025-12-27T09:49:12+00:00,,,,-2.56,101637.56
4791000,2025-12-27T09:49:22+00:00,,,,-2.56,101637.49
47920000,2025-12-27T09:49:32+00:00,,,,-2.55,101639.174
47930000,2025-12-27T09:00,2025-12-27T09:49:52+00:5,101644.96
47960000,2025-12-27T09:50:12+00:00,,,,-2.55,101639.5,2025-12-27T09:50:32+00:00,,,,-2.55,127T09:50:42+00:00,,,,-2.57,101638.8
48000000,2025-12-27T09:50:52-2.57,101635.121
48020000,2025-12-27T09:51:12+00:00,,,,-2.56,10100:00,,,,-2.56,101642.243
485-12-27T09:51:42+00:00,,,,-2.54,101642.42
48060000,2025-12-27T09:00,,,,-2.54,101639.252
48080000,20.55,101639.25
48090000,2025-12-27T09:52:22+00:00,,,,-2.54,1016390000,2025-12-27T09:52:42+00:00,,,,-2.54,101635.237
48120000,2025639.32
48130000,2025-12-27T09:53:02+00:00,,,,-2.54,101641.175
48140000,2025-12-27T09:53:12+00:00,,,,-2.54,101639.32
48150000,2025-12-27T09:53:22+00:00,,,,-2.55,101637.5
48160000,2025-12-27T09:53:32+00:00,,,,-2.55,101637.72
48170000,2025-12-27T09:53:42+00:27T09:54:02+00:00,,,,-2.54,101639.114
48200000,2025-12-27T09:54:,,-2.54,101642.221
48220000,202501640.52
48230000,2025-12-27T09:54:42+00:00,,,,-2.54,101640.62
4025-12-27T09:55:02+00:00,,,,-2.55,101643.173
48260000,2025-12-27.143
48270000,2025-12-27T09:55:22,-2.55,101639.230
48290000,2025-12-27T09:55:42+00:00,,,,-2.55,1048310000,2025-12-27T09:56:02+02025-12-27T09:56:12+00:00,,,,-2.55,101635.51
48330000,2025-12-27+00:00,,,,-2.55,101633.72
48350000,2025-12-27T09:56:42+00:00,,,,-12-27T09:56:52+00:00,,,,-2.54,101638.114
48370000,2025-12-27T09:57:02+00:00,,,,-2.53,101635.145
4825-12-27T09:57:22+00:00,,,,-2.54,101636.161
48400000,2025-12-27T38.206
48410000,2025-12-27T09:57:42+2.53,101638.114
48430000,2025-12-27T09:58:02+00:00,,,,-2.54,101650000,2025-12-27T09:58:22+05-12-27T09:58:32+00:00,,,,-2.52,101636.75
48470000,2025-12-27T09::00,,,,-2.52,101632.255
48490000,2025-12-27T09:59:02+00:00,,,,-25-12-27T09:59:12+00:00,,,,-2.51,101633.14
48510000,2025-12-27T09:59:22+00:00,,,,-2.51,101639.34
4852002-27T09:59:42+00:00,,,,-2.52,101638.54
48540000,2025-12-27T09:59.116
48550000,2025-12-27T10:00:02+00:00,101637.117
48570000,2025-12-27T10:00:22+00:00,,,,-2.50,101639.194
48580000,2025-12-27T10:00:32+00:00,,,,-2.49,101634.211
4859000:00,,,,-2.49,101633.222
48600000,2025-1:,,,,-2.49,101633.33
48630000,2025-12-27T10:01:22+00:00,,,,-2.47,12-27T10:01:32+00:00,,,,-2.48,101633.211
4T10:02:02+00:00,,,,-2.51,101628.148
48680000,2025-12-27T10:02:12.36
48690000,2025-12-27T10:02:22+00:00,,,,-2.50,101637.36
48700000,2025-12-27T10:02:32+00:00,,,,-2.49,10160000,2025-12-27T10:02:52+00:00,,,,-2.49,101636.109
48730000,2025,,,,-2.49,101633.59
48740000,2025-12-27T10:049,101627.54
48770000,2025-12-27T10:03:42+00:00,,,,-2.48,101623.111
48780000,2025-12000,2025-12-27T10:04:02+00:00,,,,-2.47,101622.103
48800000,2025-04:22+00:00,,,,-2.45,101627.192
48820000,2025-12-27T10:04:32+00:195
48830000,2025-12-27T10:04:42+00:00,,,,-2.40,2025-12-27T10:05:12+00:00,,,,-2.46,101626.83
48870000,2025-12-7T10:05:22+00:00,2,-2.45,101622.243
48900000,2025-12-27T10:05:52+00:00,,,,-2.45,10622.39
48910000,2025-12-27T10:06:02+00:00,,,,-2.46,101622.83
48T10:06:12+00:00,,,,-2.45,101626.114
48930000,2010:06:32+00:00,,,,-2.46,101619.253
48950000,2025-12-27T10:06:42+-2.44,101623.85
18.196
48980000,2025-12-27T10:07:12+00:00,,,,-2.45,101620.94
4895-12-27T10:07:32+00:00,,,,-2.43,101623.25
49010000,2025-12-27T10,-2.42,101625.198
49020000,2025-12-27T10:07:52+00.43,101620.55
49040000,2025-12-27T10:08:12+00:00,,,,-2.42,1016190000,2025-12-212-27T10:08:42+00:00,,,,-2.42,101619.71
49080000,2025-12-27T10:0:52+00:00,,,,-2.42,101626.204
49090000,2025-12-27T10:09:02+00:02,101625.50
482-27T10:09:52+00:00,,,,-2.42,101619.219
49150000,2025-12-27T10:1,,-2.42,101624.209
49160000,2025-12-27T10:10:12+00:0,101624.149
49180000,2025-12-27T10:10:32+00:00,,,,-2.41,101618.80,2025-12-2-27T10:11:02+00:00,,,,-2.43,101619.230
49220000,2025-12-27T10:11,,,-2.42,101619.178
49240000,2025-12-27T10:11:32+00:00,,,,-2.42,1
49250000,2025-12-27T10:11:42+00:00,,,,-2.42,101628.60,2025-12-27T10:12:02+00:00,,,,-2.41,101626.5
49280000,2025-12-27+00:00,,,,-2.40,101625.210
49310000,2025-12-27T10:12:42+00:00,,,,-2.40,10330000,2025-12-27T10:13:02+00:00,,,,-2.40,101627.66
49340000,20210:13:12+00:00,,,,-2.40,101628.179
49350000,2025-12-27T1:00,,,,-2.39,101626.221
49370000,2025-12-27T10:13:42+00:00,,,,-269390000,2025-12-27T10:14:02+00:00,,,,-2.41,101627.241
4945-12-27T10:14:22+00:00,,,,-2.41,101625.57
49420000,2025-12-27T10-2.40,101624.97
49440000,2025-12-27T10:14:52+00:00,,,,-2.39,101624.38
49450000,2025-12-27T10:15:02+00:00,,,,-2.40,101627.1227T1042+00:00,,,,-2.39,101625.1
49500000,2025-12-27T10:15:52+00:00,,,1635.229
49520000,2025-12-27T10:16:12+00:00,,,,-2.39,101630.98
4000,2025-12-27T10:16:22+00:00,,,,-2.42,101628.86
49540000,2010:16:42+00:00,,,,-2.44,101632.89
49560000,2025-12-27T10:16:52+02.430.24
49590000,2025-12-27T10:17:22+00:00,,,,-2.41,101633.112
4965-12-27T10:17:42+00:00,,,,-2.41,101632.230
49620000,2025-12-27T117:52+00:00,,,,-2.41,101634.209
49630000,2025-12-27T10:18:02+0.42,101637.131
49650000,2025-12-27T10:18:22+00:00,,,,-2.41,1016370:19:02+00:00,,,,-2.38,101635.233
49700000,2025-12-27T10:19:12+0.37,101633.79
49720000,2025-12-27T10:19:32+00:00,,,,-2.37,101639188
49730000,2025-12-27T10:19:42+00:00,,,,-2.36,101640.70
497402-27T10:20:02+00:00,,,,-2.35,101642.236
49760000,2025-12-27T10:0:12+00:00,,,,-2.35,101638.113
49770000,2025-12-27T10:20:22+00:0,,,,-2.34,101636.245
49780000,2025-12-27T10:20:32+00:00,,,,-2.321
49800000,2025-12-27T10:20:52+00:00,,,,-2.33,101640.119
498100,2025-12-27T10:21:02+00:00,,,,-2.33,101639.7
49820000,2025-12-2+00:00,,,,-2.31,101643.166
49840000,2025-12-27T10:21:32+00:00,,1,101638.136
49860000,2025-12-27T10:21:52+00:00,,,,-2.30,101643.204
49870000,2025-12-27T10:22:02+00:00,,,,-2.31,101640.8
49880000,20:22:22+00:00,,,,-2.30,101641.126
49900000,2025-12-27T10:22:0.31,101638.54
49920000,2025-12-27T10:22:52+00:00,,,,-2.30,101640000,2025-12-27T10:23:12+00:00,,,,-2.32,101635.63
49950000,22-27T10:23:22+00:00,,,,-2.32,101640.18
49960000,2025-12-27T10:23,,,-2.31,101640.8
49980000,2025-12-27T10:23:52+00:00,,,,-2.31,10.86
5025-12-27T10:24:22+00:00,,,,-2.28,101641.97
50020000,2025-12-27T1:00,,,,-2.27,101641.79
50040000,2025-12-27T10:24:52+00:0027,101643.98
50050000,2025-12-27T10:25:02+00:00,,,,-2.27,101643.72
50060000,2025-12-27T10:25:12+00:00,,,,-2.26,101641.150
500700-27T10:25:32+00:00,,,,-2.26,101633.232
50090000,2025-12-:42+00:00,,,,-2.26,101636.201
50100000,2025-12-27T10:25:52+00:0001639.211
50120000,2025-12-27T10:26:12+00:00,,,,-2.27,101636.104
50140000,2025-12-27T10:26:32+00:00,,,,-2.27,101636.252
50150000,2025-12-27T10:26:42+00:00,,,,-2.27,101634.28
50160000,2025-12-27T10:26:5+00:00,,,,-2.26,101637.156
50170000,2025-12-27T10:27:02+00:00,,,,,-2.25,11636.74
50190000,2025-12-27T10:27:22+00:00,,,,-2.25,101636.182
2025-12-27T10:27:42+00:00,,,,-2.24,101631.189
50220000,2025-12-27T10:27:52+00:00,,,,-2.23,101630.255
50230000,2025-122+00:00,,,,-2.23,101636.122
50240000,2025-12-27T10:28:12+00:00,,,-2.22,101625.164
50250000,2025-12-27T10:28:22+00:00,,,,-2.25,101625.106
50260000,2025-12-27T10:28:32+00:00,,,,-2.24,101625.72
04
50280000,7T10:29:02+00:00,,,,-2.23,101623.81
50300000,2025-12-27T10:29:12-2.21,101630.21
50320000,2025-12-27T10:29:32+00:00,40000,2025-12-27T10:29:52+00:00,,,,-2.20,101627.72
50350000,202530:12+00:00,,,,-2.23,101625.224
50370000,2025-12-200,,,,-2.23,101625.34
50380000,2025-12-27T10:30:32+00:00,,,,-2.2174
50400000,2025-12-27T10:30:52+00:00,,,,-2.24,101627.107
50410
50420000,2025-12-27T10:31:12+00:00,,,,-2.23,101618.132
50430000,2025-12-27T10:04,101621.71
50460000,2025-12-27T10:31:52+00:00,,2-27T10:32:22+00:00,,,,-2.21,101627.51
50500000,2025-12-27T10:3227T10:32:42+00:00,,,,-2.21,101624.246
50520000,2025-12-27T10:32:52+00:00,,,,-2.20,
50540000,2025-12-27T10:33:12+00:00,,,,-2.20,101620.227
50550000
50560000,2025-12-7T10:33:32+00:00,,,,-2.19,101615.218
50570000,2025-12-27T10:33:42+00:00,,,,-2.19,101617.74
50580000,2025-12-27T10:33:52+00:00,,01616.17
50600000,2025-12-27T10:34:12+00:00,,0610000,2025-12-27T10:34:22+00:00,,,,-2.18,101619.90
50620000,200:34:42+00:00,,,,-2.17,101616.13
50640000,2025-12-27T10:34:52+0010:35:02+00:00,,,,-2..29
50670000,2025-12-27T10:35:22+00:00,,,,-2.16,101616.158
506802-27T10:35:42+00:00,,,,-2.14,101615.15
5070,,,-2.12,101616.16
50720000,2025-12-27T10:36:12+00:00,,,,-2.12,10740000,2025-12-27T10:36:32+00:00,,,,-2.110T10:36:52+00:00,,,,-2.10,101615.78
50770000,2025-12-27T10:37:02+00:00,,,,-2.9,101611.18
50780000,2025-12-27T10:37:12+00:00,,,,-2.9,101608.105
50790000,2025-12-27T10:37:22027T10:37:52+00:00,,,,-2.6,101603.9
50830000,2025-12-27T10:38:02+0:00,,,,-2.5,101610.91
50840000,2025-1230
50860000,2025-12-27T10:38:32+00:00,,,,-2.5,101609.25
508700007T10:38:52+00:00,,,,-2.4,101609.15
50892.247
50920000,2025-12-27T10:39:32+00:00,,,,-2.3,101605.103
50930101612.21
50940000,2025-12-27T10:39:52+00:00,,,,-2.2,101612.102
50950000,2025-12-27T10:40:,,-2.2,101607.153
50970000,2025-12-27T10:40:22+00:00,,,,-2.2,10100:00,,,,-2.2,101610.0
50992-27T10:40:52+00:00,,,,-2.2,101614.7
51010000,2025-12-27T10:41:0+00:00,,,,-2.1,101608.247
51020000,2025-12-27T10:41:12+00:00,,,-2.1,101611.109
51030000,2025-12-2712.146
51040000,2025-12-27T10:41:32+00:00,,,,-2.0,101609.135
5100000,2025-12-27T10:41:42+00:00,,,,-1.99,101613.165
51060000,20242:02+00:00,,,,-1.99,101611.63
5108823
51110000,2025-12-27T10:42:42+00:00,,,,-1.98,101612.213
51120000,2025-12-27T10:42:52+00:00,,,,-1+00:00,,,,-1.96,101615.29
51150000,2025-12-27T10:43:22+00:00,,,,613.219
51170000,2025-12-27T10:431180000,2025-12-27T10:43:52+00:00,,,,-1.94,101616.143
51190000,225-12-27T10:44:02+00:00,,,,-1.94,101617.51
51200000,2025-12-27T000,2025-12-27T10:44:32+00:00,,,,-1.94,101616.137
51230000,2025-12-27T10:44:42+00:00,,,,-1.93,101250000,2025-12-27T10:45:02+00:00,,,,-1.93,101617.148
51260000,2025-12-27T10:45:12+00:00,,,,-1.90:.92,101618.160
51300000,2025-12-27T10:45:52+00:00,,,,-1.91,10162:02+00:00,,,,-1.93,101620.91
51320000,2025-12-27T10:46:12+00:00,,,,-1.91,101624.88
51330000,2025-16:32+00:00,,,,-1.89,101619.140
51350000,2025-12-27T10:46:42+00:00,2025-12-27T10:46:52+00:00,,,,-1.8,101622.151
51370000,2025-12-27T10:47:02+00:00,,,,-1.90,101618.,2025-12-27T10:47:22+00:00,,,,-1.89,101620.64
51400000,2025-12-27T10:47:32+00:00,,,,-1.88,1000:00,,,,-1.88,101614.98
51420000,2025-12-27T10:47:52+00:00,,,,-15.252
51440000,2025-12-27T10:48:12+00:00,,,,-1.89,101617.242
5150000,2025-12-27T10:48:22+100:00,,,,-1.89,101617.217
51490000,2025-12-27T10:49:02+00:00,,,,025-12-27T10:49:12+00:00,,,,-1.87,101621.105
51510000,2025-12-27T10:49:22+00:00,,,,-1.87,101619.2
5152-12-27T10:49:42+00:00,,,,-1.85,101621.141
51540000,2025-12-27T10624.50
51550000,2025-12-27T10:50:02+00:00,,,,-1.84,101622.112
51560000,2025-12-27T10:50:12+00:00,,,,-1..83
51580000,2025-12-27T10:50:32+00:00,,,,-1.84,101616.49
5159000:00,,,,-1.83,101617.192
51600000,2025-11:02+00:00,,,,-1.84,101618.167
51620000,2025-12-27T10:51:12+00:03,101618.25
51640000,200,2025-12-27T10:51:52+00:00,,,,-1.82,101621.50
51670000,2025-12-7T10:52:02+00:00,,,,-1.81,101621.112
51680000,2025-12-27T10:52:2+00:00,,,,-1.82,1016,,,-1.83,101614.58
51700000,2025-12-27T10:52:32+00:00,,,,-1.83,151720000,2025-12-27T10:52:52+00:00,,,,-1.82,101617.172
51730000,025-12-27T10:53:02+07T10:53:12+00:00,,,,-1.82,101617.105
51750000,2025-12-27T10:53:22+00:00,,,,-1.80,101619.250
51760000,2025-12-27T10:53:32+00:00,,01619.61
51780000,2050T00:00,,,,-1.78,101-1.78,101619.221
51840000,2025-12-27T10:54:52+00:00,,,,-1.77,101860000,2025-12-27T10:55:12+00:00,,,,-1.76,101618.103
51870000,225-12-27T10:55:2210:00,,,,-1.76,101620.123
51900000,2025-12-27T10:55:52+00:00,,,,-025-12-27T10:56:12+00:00,,,,-1.81,101615.255
5125-12-27T10:56:32+00:00,,,,-1.80,101615.202
51950000,2025-12-27T0:00,,,,-1.79,105-12-27T10:57:42:57:52+00:00,,,,-1.77,101615.234
52030000,2025-12-27T10:58:02+00.79,101614.111
52050000,2025-12-27T10:58:22+00:00,,,,-1.77,10161.147
5206000050:59:02+00:00,,,,-1.75,101617.142
52100000,2025-12-27T10:59:12+00,101616.30
52110000,2025-12-27T10:59:22+00:00,,,,-1.74,101619.76
52120000,2025-12-27T10:59:32+00:00,,,,-1.74,1016190000,2025-12-27T10:59:52+00:00,,,,-1.72,101618.41
52150000,2025-02+00:00,,,,-1.73,101618.134
52160000,2025-12-27T11:00:12+00:00,,,,-1.72,101620.27
52170000,2025-12-27T11:00:22+00:0,,,,-1.71,101620.180
52180000,2025-12-27T11:00:32+00:00,,,,-1.7,101619.11
52190000,2025-12-27T11:00:42+00:00,,,,-1.72,101619.201
52200000027T11:01:12+00:00,,,,-1.70,101623.33
52230000,2025-12-27T11:01:22+00:00,,,,-1.70,101624.23
52240000,2025-12-27T11:01:32+00:00,,,624.94
52250000,2025-12-27T11:01:42+00:00,,,,-1.68,101623.84
52260000,2025-12-27T11:01:52+00:00,,,,-1.67,101625.217
52270000,2025-12-27T11:02:02+00:00,,,,-1.68,101624.197
52280000,20100:00,,,,-1.66,101623.109
52300000,2025-12-27T11:02:32+1.66,101626.64
52320000,2025-12-27T11:02:52+00:00,,,,-1.65,10162440000,205-12-27T11:03:22+00:00,,,,-1.64,101626.75
52360000,2025-12-27T11:03:32+00:00,,,,-1.65,101622.125
52370000,2025-12-27T11:03:42+0063,1016.167
52400000,2025-12-27T11:04:12+00:00,,,,-1.63,101621.119
5241-00:00,,,,-1.62,101622.116
52440000,2025-12-27T11:04:52+00:62,101615.186
52460000,2025-12-27T11:05:12+00:00,,,,-1.61,1016162025-12-27T11:05:32+00:00,,,,-1.60,101618.16
52490000,2025-12-27T11:05:42+00:00,,,,-1.60,101614.41
52500000,2025-12-27T11:0,,,-1.59,101616.83
52520000,2025-12-27T11:06:12+00:00,,,,-1.58,10161
,2025-12-27T11:06:42+00:00,,,,-1.59,101613.252
52560000,2025-12-02+1620.247
52600000,2025-12-27T11:07:32+00:00,,,,-1.56,101617.113
02T11:08:02+00:00,,,,-1.56,101615.174
52640000,2025-12-27T11:08:121.56,101614.102
52660000,2025-12-27T11:08:32+00:00,,,,-1.56,10166.41
52670000,2025-12-27T11:08:42+00:00,,,,-1.57,101618.33
52680000,2025-12-27T11:08:52+00:00,,,,-1.58,101612.154
52690000,2025000,,,,-1.56,101611.91
52720000,2025-12-27T11:09:32+00:00,,,,-1.500,2025-12-27T11:10:02+00:00,,,,-1.53,101616.31
52760000,2025-1-,04
52810000,2025-12-27T11:11:02+00:00,,,,-1.53,101611.128
52820000,7T11:11:22+00:00,,,,-1.51,101609.198
52840000,2025-12-27T11:11:3+00:00,,,,-1.50,101606.243
52850000,2025-12-27T11:11:42+00:0880000,2025-12-27T11:12:12+00:00,,,,-1.48,101608.151
52890000,2027T11:12:32+00:00,,,,-1.47,101606.177
52910000,2025-12-27T11:12:42+0108.34
52940000,2025-12-27T11:13:12+00:00,,,,-1.45,101606.2250000,2025-12-27T11:13:22+00:00,,,,-1.45,101608.58
52960000,2025:13:42+00:00,,,,-1.45,101606.119
52980000,2025-12-27T11:13:52+00,,,,-1.44,101607.156
53000000,2025-12-27T11:14:12+00:00,,,,-1.44,1016020000,2025-12-27T11:14:32+00:00,,,,-1.43,101607.70
53030000,20252-27T11:14:52+00:00,,,,-1.41,101601.165
53050000,2025-12-27T11:15:02+0042,101600.168
53070000,2025-12-27T11:15:22+00:00,,,,-1.39,10160636
53090000,2025-12-27T11:15:42+00:00,,,,-1.37,101609.145
53100000,2025-0,,,,-1.37,101601.198
53130000,2025-12-27T11:16:22+00:06
53150000,2025-12-27T11:16:42+00:00,,,,-1.36,101604.148
5316000-27T11:17:02+00:00,,,,-1.36,101601.178
53180000,2025-1,3.147
53230000,2025-12-27T11:18:02+00:00,,,,-1.31,101602.110
53240000,2025-12-27T11:18:12+00:00,,,,-1.32,101602.254
53250000,2025-12-27T11:1,,,,-1.31,101605.204
53270000,2025-12-27T11:18:42+00101603.250
53280000,2025-12-27T11:18:52+00:00,,,,-1.31,101605.1027T11:19:22+00:00,,,,-1.30,101609.153
53320000,202532+00:00,,,,-1.30,101609.199
53330000,2025-12-27T11:19:42+00:00,,,,-1.29,101607.208
53340000,2025-12-27T11:19:52+00:00,,,,-1.29,101610.55
53350000,2025-12-27T11:20:02+00:00,,,,-1.29,101605.186
53360000,2025-12-27T11:20:12+00:00,,,,-1.28,10160,2025-12-27T11:20:22+00:00,,,,-1.28,101609.169
53380000,2025-12-27T11:20:32+00:00,,,,-1.28,101610.144
53390000,2025-12-27T11:20:42+00:00,,,,-1.28,101614.160
53400000,2025-12-27T11:20:52+00:00,,:00,,,,-1.27,101607.120
53420000,2025-12-27T11:21:12+00:00,,,,-1.27,101611.5
5325-12-27T11:21:32+00:00,,,,-1.27,101609.65
53450000,2025-12-27T112-27T11:21:52+001.26,101606.247
53480000,2025-12-27T11:22:12+00:00,,,,-1.25,101611.122
53490000,2025-12-27T11:22:22+00:00,,,,-1.25,101608.208
538.125
53510000,2025-12-27T11:22:42+00:00,,,,-1.25,101606.105
53520000,2025-12-27T1:22:52+00:00,,,,-1.24,101605.176
53530000,2025-12-27T11:23:02+1.23,101606.73
53550000,2025-12-27T11:23:22+006.31
53560000,2025-12-27T11:23:32+00:00,,,,-1.23,101605.165
5355-12-27T11:23:52+00:00,,,,-1.22,101607.207
53590000,2025-12-27T1:24:02+00:00,,,,-1.22,101610.54
53600000,202:00,,,,-1.22,101605.61
53610000,2025-12-27T11:24:22+00:00,,,,-1.1,101605.200
53620000,2025-12-27T11:24:32+00:00,,,,-1.22,1016030000,2025-12-27T11:24:52+00:00,,,,-1.22,101612-27T11:25:02+00:00,,,,-1.21,101605.103
53660000,2025-12-27T11:5:12+00:00,,,,-1.21,101599.54
53670000,2025-12-27T11:25:22+00:00,,,,-1.21,101601.212
53680000,2025-12-27T11:25:32+00:00,,,,-1.2,101603.35
53690000,2025-12-27T11:25:42+002-27T11:26:12+00:00,,,,-1.21,101597.211
53730000,2025-12-27T11:225-12-27T11:26:32+00:000,101595.169
53760000,2025-12-27T11:26:52+00:00,,,,-1.19,101604.02
53770000,2025-12-27T11:27:02+00:00,,,,-1.19,101595.67
5378000,2025-12-27T11:27:12+00:00,,,,-1.18,1012-27T11:27:22+00:00,,,,-1.19,101599.151
53800000,2025-12-27T11:20,,,,-1.18,101600.114
53820000,2025-12-27T11:27:52+00:00,,,,-1.1,101601.201
53830000,2025-12-27T11:28:020-4025-12-27T11:28:52+00:00,01596.92
53900000,2025-12-27T11:29:12+00:00,,,,-1.17,101597.138
025-12-27T11:29:32+00:00,,,,-1.16,101511:29:42+00:00,,,,-1.16,101595.220
53940000,2025-12-27T11:29:52+-1.16,101598.184
53960000,2025-12-27T11:30:12+00:00,,,,-1.16,10100:00,,,,-1.15,101596.74
535-12-27T11:30:42+00:00,,,,-1.14,101598.158
54000000,2025-12-27T10:00,,,,-1.14,101592.12
54020000,202.13,101593.227
54030000,2025-12-27T11:31:22+00:00,,,,-1.13,101594.218
54040000,2025-12-27T11:31:32+00:00,,,,-1.12,101595.155
540-12-27T11:31:52+00:00,,,,-1.12,101532:02+00:00,,,,-1.11,101593.195
54080000,2025-12-27T11:32:12+00:0,101591.209
54100000,2025-12-27T11:32:32+00:00,,,,-1.10,101594.255
54110000,2025-12-27T11:32:42+0000,2025-12-27T11:32:52+00:00,,,,-1.11,101594.145
54130000,2025-1-27T11:33:02+00:00,,,,-1.11,101591.51
54140000,2025-12-27T11:3312+00:00,,,,-1.10,101598.216
54150000,2025-12-27T11:33:22+00:00,,,-1.10,101595.26
54160000,2025
,2025-12-27T11:34:02+00:00,,,,-1.10,101590.89
54200000,2025-12-27T11:34:12+00:00,,,,-1.10,1015872+00:00,,,,-1.9,101591.59
54220000,2025-12-27T11:34:32+00:00,,,,1.8,101592.111
54230000,2025-12-27T11:34:42+00:00,,,,-1.7,10159.58
54240000,2025-12-27T11:34:52+00:00,,,,-1.7,101588.165
54250,,-1.6,101591.88
54260000,2025-12-27T11:35:12+00:00,,,,-1.6,101590.247
54270000,2025-12-27T11:35:,1.156
54300000,2025-12-27T11:3000,2025-12-27T11:36:02+00:00,,,,-1.7,101591.109
54320000,2025-1-27T11:36:12+00:00,,,,-1.7,101592.208
54330000,2025-12-27T11:36:22+00:00,,,,-1.7,101596.224
54340000,2025-12-27T11:36:32+00:00,25-12-27T11:36:42+00:00,,,,-1.9,101588.47
54360000,2025-12-27T11:36:52+00:00,,,,-1.10,101587.228
5470000,2025-12-27T11:37:02+00:00,,,,-1.10,101589.208
54380000,201:37:22+00:00,,,,-1.9,101590:00,,,,-1.8,101591.238
54410000,2025-12-27T11:37:42+00:00,,,,-1.3
54430000,2025-12-27T11:38:02+00:00,,,,-1.10,101592.96
5444000,2025-12-27T11:38:11+00:001+00:00,,,,-1.9,101591.250
54470000,2025-12-27T11:38:41+00:00,,,94.174
54490000,2025-12-27000,2025-12-27T11:39:11+00:00,,,,-1.10,101591.203
54510000,2025-12-27T11:39:21+00:00,,,,-1.8,101594.255
54520000,2025-12-27T11:39:31+00:00,,,,-1.9,101593.81
54530000,2025-12-27T11:39:41+00:00,,,,-1.8,101592.29
5454001598.26
54550000,2025-12-27T11:40:01+00:00,,,,-1.6,101592.105
54560000,2025-12-27T11:40:11+00:00,,,,-1.7,101597.173
54570000,202-12-27T11:40:21+00:00,,,,-1.5,101598.123
54580000,2025-12-27T11593.172
54590000,2025-12-27T11:40:41+00:00,,,,-1.5,101602.1
54600000,2025-12-27T11:40:51+00:00,,,,-1.5,102,,,,-1.3,101599.66
54640000,2025-12-27T11:42:11+00:00,,,,-1.1,101603.90
54690000,2025-12-27T11:42:21+00:00,,,,-1.0,101601.7
54700000,2025-12-27T11:42:31+00:00,,,,-1.0,101599.27
54710000,2025-12-27T11:42:41+00:00,,,,0.99,101602.135
54720000,2025-12-27T11:42:51+00:00,,,,0.99,101601.36
54730000,202,,,,0.93,101599.32
525-12-27T11:44:21+00:00,,,,0.92,101590.140
54820000,2025-12-27T1:44:31+00:00,,,,0.101594.212
54850000,2025-12-27T11:45:01+00:00,,,,0.90,101591.16,21+00:00,,,,0.90,101595.2
54880000,2025-12-27T11:45:31+00:00,,,,0.89,101590.209
54890000,2025-12-27T11:45:41+0:00,,,,0.88,101591.9
54900000,2025-12-27T11:45:51+00:00,,,,0.88,101594.35
54910000,2025-12-27T11:46:01+00:00,,,,0.88,101587.144-27T11:46:11+00:00,,,,0.87,101583.203
54930000,T11:46:31+00:00,,,,0.85,101586.209
54950000,2025-12-27T11:46:41+.84,101591.72
5438
54980000,2025-12-27T11:47:11+00:00,,,,0.82,101588.53
54990000T11:47:31+00:00,,,,0.80,101589.134
55010000,2025-12-27T11:47:41+01587.9
55020000,2025-12-27T11:47:51+00:00,,,,0.7948
55040000,2025-12-27T11:48:11+00:00,,,,0.79,101583.186
550500027T11:48:31+001+00:00,,,,0.78,101584.196
55080000,2025-12-27T11:48:51+00:00,,,85.22
55100000,2025-12-27T11:49:11+00:00,,,,0.77,101578.78
551107T11:49:21+00:00,,,,0.77,101581.254
55120000,2025-141+00:00,,,,0.76,101584.244
55140000,2025-12-27T11:49:51+00:00,,81.130
5516070000,2025-12-27T11:50:21+00:00,,,,0.75,101581.130
55180000,20250:41+00:00,,,,0.73,101579.198
55200000,2025-12-27T11:50:51+00:001584.205
55210000,2025-12-27T11:51:01+00:00,,,,0.72,130000,2025-12-27T11:51:21+00:00,,,,0.74,101577.183
55240000,202551:41+00:0,,,,0.71,101577.20
55270000,2025-12-27T11:52:01+00:00,,,,0.70,10290000,2025-12-27T11:52:21+00:00,,,,0.68,101582.123
55300000,2021:52:31+00:00,,,,0.68,101582.123
55310000,2025-12-27T110,,,,0.66,101584.56
55330000,2025-12-27T11:53:01+00:00,,,,0.66,155350000025-12-27T11:53:31+00:00,,,,0.65,101590.232
55370000,2025-12-27T:00,,,,0.66,101588.113
55390000,2025-12-27T11:54:01+00:00,,,,0.60.32
55400000,2025-12-27T11:54:11+00:00,,,,0.64,101584.18
55410000,2025-12-27T11:54:21+00:00,,,,0.63,101587.137
554200007T11:54:41+00:00,,,,0.62,101590.13
55440000,2025-12-27T11:54:51+,,,0.63,101584.179
55450000,2025-12-27T11:55:01+00:00,,,,0198
55470000,2025-12-27T11:55:21+00:00,,,,0.62,101588.243
554800-27T151+00:00,,,,0.59,101593.12
55510000,2025-12-27T11:56:01+00:00,,,86.106
55530000,2025-12-27T11:56:21+00:00,,,,0.60,101581.58
5554,2025-12-27T11:56:31+00:00,,,,0.59,101584.98
55550000,2025-151+00:00,,,,0.60,101586.106
55570000,2025-12-27T11:57:01+00:00,,58300000,2025-12-27T11:57:31+00:00,,,,0.62,101585.26
55610000,2025-7:51+00:00,,,,0.61,101580.129
55630000,2025-12-27T11:58:01+00:00,,0.60,101585.157
55640000,2025-12-27T11:58:11+00:00,,,,0.60,1055660000,2025-12-27T11:58:31+00:00,,,,0.58,101583.45
55670000,20100,,,,0.56,101579.24
55700000,2025-12-27T11:59:11+00:00,,,,0.56,720000,2025-12-27T11:59:31+00:00,,,,0.55,101581.25
55730000,20259:51+00:00,,,,0.52,101588.25
55750000,2025-12-27T12:00:01+00:00,586.189
55770000,2025-12-27T12:00:21+00:00,,,,0.50,101586.243
5780000,2025-12-27T12:00:31+00:00,,,,0.50,101587.83
55790000,20250:51+00:00,,,,0.48,101584.65
55810000,2025-12-27T12:01:01+00:00,1040000,2025-12-27T12:01:31+00:00,,,,0.47,101578.142
55850000,2025:51+00:00,,,,0.47,101578.115
55870000,2025-12-27T12:02:01+00:,,,0.46,101581.100
55880000,2025-12-27T12:02:11+00:00,,,,0.47,105900000,2025-12-27T12:02:31+00:00,,,,0.45,101583.157
55910000,20T12:,,,,0.42,101582.29
55940000,2025-12-27T12:03:11+00:00,,,,0.42,105960000,2025-12-27T12:03:31+00:00,,,,0.40,101579.215
55970025-12-27T12:03:41+00:00,,,,0.41,101573.93
55980000,2025-12-27T12:03:51+00:00,,,,0.40,101574.185
55990000,2025-12-27T12:04:01+00:00,,,,0.39,101581.9
56000000,2025-12-27T12:04:11+00:00,,,,0.39,101580.74
56010000,2025-12-27T12:04:21+00:00,,,,0.40,10157856020000,2025-12-27T12:04:31+00:00,,,,0.39,101579.166
56030000,202:04:51+00:00,,,,0.38,101577.41
56050000,2025-12-27T12:05:01+00:,,,0.379
56080000,2025-12-27T12:05:31+00:00,,,,0.36,101572.40
56090000,T12:05:51+00:00,,,,0.35,101574.95
56110000,2025-12-27T120:00,,,,0.34,101573.11
56120000,2025-12-27T12:06:11+00:00,,,,0.30
56140000,2025-12-27T12:06:31+00:00,,,,0.32,101572.101
561500002025-12-2T12:06:51+00:00,,,,0.30,101572.148
56170000,2025-12-27T12:07:010.28,101573.63
56190000,2025-12-27T12:07:21+00:00,,,,0.27,101577.42
56210007T12:07:51+00:00,,,,0.26,101571.89
56230000,2025-12-27T12:08:01+.27,101571.102
56250000,2025-12-27T12:08:21+00:00,,,,.74
56260000,2025-12-27T12:08:31+00:00,,,,0.26,101560.220
5627007T12:08:51+00:00,,,,0.27,101569.39
56290000,2025-12-27T12:09:01+00:00,,,,0.200
56320000,2025-12-27T12:09:31+00:00,,,,0.24,101572.201
563300027T12:09:51+00:00,,,,0.23,101568.103
56350000,2025-1+00:00,,,,0.23,101569.134
56360000,2025-12-27T12:10:11+00:00,,,0.23,101562.227
56370000,2025-12-27T12:10:21+00:00,,,,0.24,101562.172
56380000,2025-12-27T12:10:31+00:00,,,,0.24,101564.30
563956400000,2025-12-27T12:10:51+00:00,,,,0.23,101564.3
56410000,2025-12-27T12:11:1+00:00,,,,0.23,101562.118
56420000,2025-12-27T12:11:11+00:00,,,0.22,101561.107
56430000,2025-12-27T12:11:21+00:00,,,,0.21,10163.230
56440000,2025-12-27T12:11:31+00:00,,,,0.24-12:01+00:00,,,,0.20,101559.173
56480000,2025-12-27T12:12:11+00:0,,,,0.18,101562.55
56490000,2025-12-27T12:12:21056510000,2025-12-27T12:12:41+00:00,,,,0.18,101556.194
56520000,225-12-27T12:12:51+00:00,,,,0.17,101562.212
56530000,2025-12-27T12:13:01+00:00,,,,0.15,101561.213
56540000,2025018,101556.29
56560000,2025-12-27T12:13:31+00:00,,,,0.19,101551.18056590000,2025-12-2T12:14:01+00:00,,,,0.17,101553.173
56600000,2025-12-27T12:14:1100:00,,,,0.16,101555.91
56610000,2025-12-27T12:14:21+00:00,,,,0.14,101555.84
56620000,2025-12-27T12:14:31+00:00,,,,0.15,101556.37
56630000,2025-12-27T12:14:41+00:00,,,,0.102+00:00,,,,0.14,101556.115
56670000,2025-12-27T12:15:21+00:00,,,,0:00,,,,0.13,101555.021-27T12:16:21+00:00,,,50T2025-12-27T12:17:11+00:00,,,,0.7,101557.185
56790000,2025-12-27T12:17:21+00:00,,,,0.5,56810000,2025-12-27T12:17:41+00:00,,,,0.5,101555.175
56820000,205-12-27T12:17:51+00:00,,,,0.4,101554.7
58,105.118
56880000,2025-12-27T12:18:51+00:00,,,,0.1,101555.214
56890000,2025-12-27T12:19:01+0,101554.5
56910000,2025-12-27T12:19:21+00:00,,,,0.2,101553.47
5920000,2025-12-27T12:19:31+00:00,,,,0.-12-27T12:19:41+00:00,,,,0.3,101556.120
56940000,2025-12-27T12:1,,0.3,101553.244
56960000,2025-12-27T12:20:11+00:00,,,,0.4,1015500,,,,0.2,101552.103
56980000,2025-12-27T12:20:31+00:00,,,,0.5,101558.25
56990000,2025-12-27T12:20:41+00:00,,,,0.6,101555.32
57000000,2025-12-27T12:20:51+00:00,,,,0.6,101555.210
57010000,2025-12-27T12:21:01+00:00,,,,0.7,101553.207
57020000,2025-12-27T12:2
25-12-27T12:21:31+00:00,,,,0.7,101553.193
57050000,2025-12-27T10,,,,0.7,101557.211
57070000,2025-12192-27T12:22:31+00:00,,,,0.11,101554.113
57110000,2025-12-27T12:220,2025-12-27T12:22:51+00:00,,46.70
57140000,2025-12-27T12:23:11+00:00,,,,0.14,101551.166
571512-27T12:23:31+00:00,,,,0.16,10154,,0.18,101549.229
57190000,2025-12-27T12:24:01+00:00,,,,0.19,10110000,2025-12-27T12:24:21+00:00,,-12-27T12:24:31+00:00,,,,0.21,101545.222
57230000,2025-12-27T12:4:41+00:00,,,,0.19,101539.240
57240000,2025-12-27T12:24:51+00:0,,,,0.19,101542.197
57250000,2025-12-27T12:25:01+00:00,,,,0.20,101546.193
57260000,2025-12-27T157270000,2025-12-27T12:25:21+00:00,,,,0.22,101540.254
57280000,22:25:41+00:00,,,,0.24,101537.192
57300000,2025-12-27T12:25:51+0000,,,,0.25,101546.210
573100003,101541.223
57320000,2025-12-27T12:26:11+00:00,,,,0.25,101543.1027T12:26:41+00:00,,,,0.26,10150.24,101541.202
57380000,2025-12-27T12:27:11+00:00,,,,0.25,10154000,2025-12-27T12:27:31+00:002-27T12:27:41+00:00,,,,0.30,101547.66
57420000,2025-12-27T12:27:1+00:00,,,,0.29,101540.193
57430000,2025-12-27T12:28:01+00:00,,,2:28:21+00:00,,,,0.32,101542.158
574-12-27T12:28:41+00:00,,,,0.33,101541.105
57480000,2025-12-27T12:8:51+00:00,,,,0.34,101540.50
57490000,2025-12-27T12:29:01+00:00,,,,0.34,101539.59
575000001541.87
57510000,2025-12-27T12:29:21+00:00,,,,0.36,101539.202
575-12-27T12:29:41+00:00,,,,0.38,101540.239
57540000,2025-12-27T1229:51+00:00,,,,0.38,1015400,,,,0.39,101540.161
57560000,2025-12-27T12:30:11+00:00,,,,0.41
57580000,2025-12-27T12:30:31+00:00,,,,0.43,101539.140
57590000,,,,,0.45,101542.233
57600000,2025-12-2700:00,,,,0.45,101541.173
57620000,2025-12-27T12:31:11+00:00,,,,0.237
57640000,2025-12-2700,2025-12-27T12:31:41+00:00,,,,0.50,101543.128
57660000,2025-1201+00:00,,,,0.50,101540.115
57680000,2025-12-27T12:32:11+00:00,,,,0.51,101537.134
57690536.33
57700000,2025-12-27T12:32:31+00:00,,,,0.48,101534.91
57712-27T12:32:51+00:00,,,,0.48,101541.114
57730000,2025-12-27T12:3335.0
57740000,2025-12-27T12:33:11+00:00,,,37.219
57760000,2025-12-27T12:33:31+00:00,,,,0.50,101544.119
577-12-27T12:33:51+00:0034:01+00:00,,,,0.48,101541.68
57800000,2025-12-27T12:34:11+00:0001539.64
57820000,2025-12-27T12:34:31+00:00,,,,0.46,101537.224
52:34:41+00:00,,,,0.47,101538.27
57840000,202:35:01+00:00,,,,0.48,101541.155
57860000,2025-12-27T12:35:11+00:,101540.4
57880000,52:36:01+00:00,,,,0.47,101542.114
57920000,2025-12-27T12:36:11+00.114
57930000,2025-12-27T12:36:21+00:00,,,,0.47
57950000,2025-12-27T12:36:41+00:00,,,,0.47,101548.59
57960000,T12:37:01+00:00,,00:00,,,,0.46,101551.59
57990000,2025-12-27T12:37:21+00:00,,,,0.00
58010000,2025-12-27T12:37:41+00:00,,,,0.47,101546.36
580200007:51+00:00,,,,0.47,101550.205
58030000,2025-12-2+00:00,,,,0.47,101549.91
58050000,2025-12-27T12:38:21+00:00,,,,0.86
58070000,2000,2025-12-27T12:38:51+00:00,,,,0.48,101550.27
58090000,2025-12-+00:00,,,,0.47,101550.81
58110000,2025-12-27T12:39:21+00:00,,,,0
58120000,2025-12-27T12:39:31+00:00,,,,0.48,101552.49
58130000,2025-12-27T12:39:41+00:00,,,,0.43,101553.16
58140007T12:40:01+00:00,,,,0.44,101547.209
58160000,2025-12-27T12:40:143,101544.141
58170000,2025-12-27T12:40:21+00:00,,,,0.44,101547.126
58180000,2025-12-27T12:40:31+00:00,,,,0.43,101545.208
58190000,2025-12-27T12:40:41+00:00,,,,0.43,101550.39
58200000,2025-12-27T12:40:51+00:00,,,,0.43,101547.66
58210000,2025-11+00:00,,,,0.43,101546.75
58220000,2025-12-27T12:41:,0.42,101549.199
58240000,2025-12-27T12:41:31+00:00,,,,0.42,1015000,2025-12-27T12:42:01+00:00,,,,0.43,101547.190
58280000,2025-12-27T12:42:,0.43,101550.3
58300000,2025-12-27T12:42:31+00:00,,,,0.44,101548000,2025-12-27T12:42:41+00:00,,,,0.43,101549.86
583200-27T12:43:01+00:00,,,,0.44,101546.177
58340000,2025-12-27T12:43:,,0.45,1052.135
58370000,2025-12-27T12:43:41+00:00,,,,0.43,101544.99
583812-27T12:44:01+00:00,,,,0.45,101554.136
58400000,2025-12-27T12:400,,,,0.44,101547.44
58410000,2025-12-27T12:44:21+00:00,552.140
58430000,2025-12-27T12:44:41+00:00,,,,0.44,101545.21
58412-27T1:11+00:00,,,,0.46,101550.63
58470000,2025-12-27T12:45:21+00:00,,49.209
58490000,2025-12-27T12:45:41+00:00,,,,0.45,101550.159
5852025-12-27T12:45:51+00:00,,,,0.43,101547.25
58510000,2025-:11+00:00,,,,0.38,101543.47
58530000,2025-12-27T12:46:21+00:00,,548.260000,2025-12-27T12:46:51+00:00,,,,0.36,101544.224
58570000,20257:11+00:00,,,,0.36,101542.78
58590000,2025-12-27T12:47:21+00:00,.36,101544.156
58600000,2025-12-27T12:47:31+00:00,,,,0.36,108620000,2025-12-27T12:47:51+00:00,,,,0.37,101543.88
58630000,20248:,,,,0.37,101545.165
58660000,2025-12-27T12:48:31+00:00,,,,0.37,18680000,2025-12-27T12:48:51+00:00,,,,0.36,101541.183
58690000,20-12-27T12:49:01+00:00,,,,0.36,101540.110
58700000,2025-12-27T10,,,,0.34,101540.105
58720000,2025-12-27T12:49:31+00:00,,,,0.35,5025-12-27T12:50:01+00:00,,,,0.36,101537.166
58760000,2025-12-27T0:00,,,,0.35,101534.92
58780000,2025-12-27T12:50:31+00:00,,,,0.33
58800000,2025-12-27T12:50:51+00:00,,,,0.35,101536.238
58810000T12:51:11+00:00,,,,0.34,101536.5
58830000,2025-12-27T12:51:21+0:,101532.9
58850000,2025-12-27T12:51:41+00:00,,,,0.31,101533.104
25-12-27T12:52:01+00:00,,,,0.27,101530.39
58880000,2025-12-27T:0,101531.165
58910000,2025-12-27T12:52:41+00:00,,,,0.25,101531.1020007T12:53:11+00:00,,,,0.22,101528.119
58950000,2025-12-27T12:53:21.16,101530.80
58970000,2025-12-27T12:53:41+00:00,,,,0.17,10153
58980000,2025-12-27T12:53:51+00:00,,,,0.14,101530.211
58990007T12:54:11+00:00,,,,0.14,101526.235
59010000,2025-12-27T12:54:210,,,,.14,101530.88
59030000,2025-12-27T12:54:41+00:00,,,,0.15,10153202-27T12:55:11+00:00,,,,0.15,101537.233
59070000,2025-12-27:,,0.14,101534.160
59090000,2025-12-27T12:55:41+00:00,,,,0.14,10110000,2025-12-27T12:56:01+00:00,,,,0.14,101536.182
591200-12-27T12:56:11+00:00,,,,0.12,101538.8
59130000,2025-12-27T12:56,,0.10,101534.244
59150000,2025-12-27T12:56:41+00:00,,,,0.11,101535.167
59160000,2025-12-27T12:56:51+00:00,,,,0.10,10153170000,2025-12-27T12:57:01+00:00,,,,0.10,101532.182
59180000,202:57:21+00:00,,,,0.9,101530.209
59200000,2025-12-27T12:57:31+00:00,,,0.9,1030000,2025-12-27T12:58:01+00:00,,,,0.9,101540.115
59240000,2025-31+00:00,,,,0.5,101537.228
59270000,2025-12-27T12:58:41+00:00,,,,0.5,10153000,2025-12-27T12:59:01+00:00,,,,0.6,101535.13
59300000,2025-12-27T12:59:21+.6,101529.69
59330000,2025-12-27T12:59:41+00:00,,,,0.6,101529.192025-12-27T13:00:01+00:00,,,,0.7,101532.225
5936000001527.5
59390000,2025-12-27T13:00:41+00:00,,,,0.5,101530.123
5949410000,2025-12-27T13:01:01+00:00,,,,0.3,101526.86
59420000,2025-12-27T13:01:0.2,101524.30
59440000,2025-12-27T13:01:31+00:00,,,,0.2,101524.27.244
59460000,T13:02:01+00:00,,,,0.2,101526.225
59480000,2025-12-27T13:02:11+0101525.43
59500000,2025-12-27T13:02:31+00:00,,,,09510000,2025-12-27T13:02:41+00:00,,,,0.1,101524.148
59520000,20203:01+00:00,,,,0.4,101523.51
59540000,2025-12-27T13:03:11+00:00,0:00,,,,0.4,10158.3
59560000,2025-12-27T13:03:31+00:00,,,,0.5,101521.247
5957000,2025-12-27T13:03:41+00:00,,,,0.5,101524.254
59580000,2025-12-00:00,,,,0.6,101520.100
59600000,2025-12-27T13:6,101527.198
59610000,2025-12-27T13:04:21+00:00,,,,0.7,101523.6725-12-27T13:04:41+00:00,,,,0.7,101525.7
59640000,2025-12-27T13:027T13:05:01+00:00,28.110
59670000,2025-12-27T13:05:21+00:00,,,,0.10,101524.142
5962-27T13:05:41+00:00,,,,0.13,101523.90
5970000,,0.12,101534.14
59720000,2025-12-27T13:06:11+00:00,,,,0.16,10150000,2025-12-27T13:06:31+00:00,,,,0.17,1015212-27T13:06:41+00:00,,,,0.17,101521.146
59760000,2025-12-27T13:0,01533.211
59790000,2025-12-27T13:07:21+00:09800000,2025-12-27T13:07:31+00:00,,,,0.17,101522.96
59810000,20200,,,,0.20,101528.40
59840000,2025-12-27T1101529.31
59850000,2025-12-27T13:08:21+00:00,,,,0.21,101527.200
025-12-27T13:08:41+00:00,,,,0.21,101530.131
59880000,2025-12-27T0,2025-12-27T13:09:01+002,101530.70
59910000,2025-12-27T13:09:21+00:00,,,,0.23,101529.61
2.207
59940000,2025-12-27T13:09:51+00:00,,,,0.31,101525.163
59950000,2025-12-27T13:10:01+32,101529.57
59970000,2025-12-27T13:10:21+00:00,,,,0.32,101530.1,,0.33,101530.109
5999000,2025-12-27T13:10:41+00:00,,,,0.32,101529.138
60000000,2025-12-1+00:00,,,,0.34,101525.220
60020000,2025-12-27T13:11:11+00:00,,,0.33,101525.61
60030000,2025-12-27T136000,2025-12-27T13:11:41+00:00,,,,0.34,101527.64
60060000,2025-12-27T13:11:51+00:00,,,,0.33,101528.129
60070000,2025-12-27T13:12:2025-12-27T13:12:11+00:00,,,,0.33,101524.3
60090000,2025-12-27T13:12:21+00:00,,,,0.32,1015200,2025-12-27T13:12:41+00:00,,,,0.33,101527.180
60120000,2025-120
60130000,2025-12-27T13:13:01+00:00,,,,0.34,101524.65
60140000,2025-12-27T13:13:11+00:00,,,25.151
60160000,2025-12-27T13:13:31+00:00,,,,0.34,101525.220
6010.34,101526.5
60180000,2025-101+00:00,,,,0.33,101528.211
60200000,2025-12-27T13:14:11+00:00,,,532.154
60220000,2025-12-27T13:14:30000,2025-12-27T13:14:41+00:00,,,,0.36,101522.161
60240000,202512-27T13:14:51+00:00,,,,0.37,101524.80
60250000,2025-12-27T13:15:01+00:00,,,,0.37,101525.235
60260000,2025-12-27T13:15:11+00:00-12-27T13:15:21+00:00,,,,0.36,101526.26
60280000,2025-12-27T13:15:31+00:00,,,,0.38,101519.59
605-12-27T13:15:51+00:00,,,,0.38,101519.182
60310000,2025-12-27T1316:01+00:00,,,,0.38,101519.168
00,,,,0.38,101523.103
60330000,2025-12-27T13:16:21+00:00,,,,0.3760350000,2025-12-27T13:16:41+00:00,,,,0.38,101521.204
60360000,225-12-27T13:16:51+00:00,,,,0.30:00,,,,0.37,101522.85
60390000,2025-12-27T13:17:21+00:00,,,,0.3,101520.30
60400000,2025-12-27T13:17:31+00:00,,,,0.39,101517.140
60410000,2025-12-27T13:17:41,T0:00,,,,0.38,101523.61
60450000,2025-12-27T13:18:21+00:00,,,,0.3-27T13:18:31+00:00,,,,0.37,101525.71
60470000,2025-12-27T13:18:41+00:00,,,,0.36,101524.86
60480000,3:19:01+00:00,,,,0.36,101522.187
60500000,2025-12-27T13:19:11+0000,2025-12-27T13:19:21+00:00,,,,0.36,101523.27
60520000,2025-12-27T13:19:31+00:00,,,,0.37,101521.109
60530000,2025-12-27T13:19:41+00:00,,,,0.36,101524.100
60540000,2025-12-27T13:19:51+00:00,,,,0.36,101518.102
60550000,2025-12-27T13:20:01+00:00,,,,0.36,10204
60590000,2025-12-27T13:20:41+00:00,,,,0.38,101516.32
60600000,,,,0.37,101522.126
60610000,2025-12-27T13:21:01+00:00,,,,0.39,101520.194
60620000,2025-12-27T13:21:1,0.42,101522.108
60640000,2025-12-27T13:21:31+00:00,,,,0.43,10158.77
60650000,2025-12-2727T13:22:01+00:00,,,,0.42,101522.12
60680000,2025-12-27T13:22:1144,101518.58
60700000,202025-12-27T13:22:51+00:00,,,,0.44,101522.225
60730000,2025-12-2700:00,,,,0.43,101521.13.44,101520.243
60760000,2025-12-27T13:23:31+00:00,,,,0.45,1015180,2025-12-27T13:23:51+00:00,,,,0.45,101522.190
60790000,2025-12-27T13:24:01+00:00,,,,0+00:00,,,,0.45,101521.160
60810000,2025-12-27T13:24:21+00:00,,,,7000,2025-12-27T13:24:1+00:00,,,,0.50,101524.220
60870000,2025-12-27T13:25:21+00:00,,,32.91
60890000,2025-0000,2025-12-27T13:25:51+00:00,,,,0.55,101529.30
60910000,2025-1:11+00:00,,,,0.55,101532.206
60930000,2025-12-27T13:26:21+00:00,60940000,2025-12-27T13:26:31+00:00,,,,0.56,10160000,2025-12-27T13:26:51+00:00,,,,0.57,101531.195
60970000,20257:11+00:00,,,,0.55,,,,0.58,101530.241
61000000,2025-12-27T13:27:31+00:00,,,,0.60,11529.147
61010000,2025-12-27T13:27:41+00:00,,,,0.61,101528.232
61020000,2025-12-27T13:27:51+00:00,,,,0.60,101532.118
61030000,21+00:00,,,,0.60,101528.212
61040000,2025-12-27T13:28:11+00:00,,,,0.60,101535.62
61050000,2025-12-27T13:28:21+003,101535.62
61070000,2025-12-27T13:28:41+00:00,,,,0.63,101531.1112-27T13:28:51+00:00,,,,0.62,101532.1
61090000,2025-12-27T13:29:01+00:00,,,,0.63,101527.70
61100000,2025-12-27T1:00,,,,0.64,101526.101
61120000,2025-12-27T13:29:31+00:00,,,,0.6130000,2025-12-27T13:29:41+00:00,,,,0.64,101530.2,2025-12-27T13:30:01+00:00,,,,0.65,101531.66
61160000,2025-12-27T00:00,,,,0.64,.64,101528.27
61190000,2025-12-27T13:30:41+00:00,,,,0.65,101528.0,2025-12-27T13:31:01+00:00,,,,0.65,101529.250
61220000,2025-12-7T13:31:11+01+00:00,,,,0.63,101528.47
61240000,2025-12-27T13:31:31+00:00,,,,027T13:32:01+00:00,,,,0.63,101526.189
61280000,2025-12-27T13:32:11+00:00,,,,0.64,101524.161
61290000,2025-12-27T13:32,,0.65,101525.166
61310000,2025-12-27T13:32:41+00:00,,,,0.64,101530.63
613230000,2025-12-27T13:33:01+00:00,,,,0.64,101539.58
61340000,2025-:,,0.68,1015-00,,,,0.68,101526.155
61420000,2025-12-27T13:34:31+00:001533.82
61440000,2025-12-27T13:34:51+00:00,,,,0.69,101534.155
625-12-273:35:21+00:00,,,,0.68,101528.136
61480000,2025-12-27T13:35:31+00,
615100T13:36:21+00:00,,,,0.65,101537.85
61540000,2025-12-27T13:36:31+06,101587T13:37:21+00:00,,,,0.64,101540.158
61600000,2025-12-27T13:37:3100:00.64,101539.209
61620000,2025-12-27T13:37:51+00:00,,,,0.64,1015400,2025-12-27T13:38:11+00:00,,,,0.64,101541.162
61650000,2025-1213:38:21+00:00,,,,0.64,101541.245
61660000,2025-12-27T13:38:31+00:00,,,,0.66,101534.59
61670000,2025-12-27T13:38:41+00:00,,,0.67,101537.37
61680000,2025-12-27T13:38:51+00:00,,,,0.69,101530002:,,,0.68,101538.13
61740000,2025-12-27T13:39:51+00:00,,,,0.67,1015340:31+00:00,,,,0.65,101539.30
61790000,2025-12-27T13:40:41+00:00,,812-27T13:41:21+00:00,,,,0.64,101532.3
61840000,2025-12-27T13:41:,34.230
61870000,2025-12-27T13:42:01+00:00,,,,0.65,101533.170
61880000,2025-12-27T13:42:11+00:00,,,,0.64,101536.73
61890000,202-12-27T13:42:21+00:00,,,,0.65,101536.136
61900000,2025-12-27T13:0,,,,0.67,101531.183
61920000,2025-12-27T13:42:51+00:00,,,,0.68,9
025-12-27T13:43:21+00:00,,,,0.67,101541.127
61960000,2025-12-27T0:00,,,,0.66,101538.6
61980000,2025-12-27T13:43:51+00:00,,,,0,101541.223
61990000,2025-12-27T13:44:01+00:00,,,,0.67,101537.12
62000000,2025-12-27T13:44:11+00:00,,,,0.67,101540.137
62010000T13:44:31+00:00,,,,0.67,101542.35
62030000,2025-12-27T13:44:0:00,,,,0.66,101541.59
62040000,2025-12-27T13:44:51+00:00,,,,0.6
62060000,2025-12-27T13:45:11+00:00,,,,0.66,101542.22
62070000,12-2713:45:31+00:00,,,,0.67,101539.187
62090000,2025-12-27T13:45:41+00:00,,,,0.65,101542.78
62100000,2025-12-27T13:45:51+00:00,,,,0.131
62120000,2025-12-27T13:46:11+00:00,,,,0.66,101542.227
7T13:46:31+00:00,,,,0.65,101537.9
62150000,2025-12-27T13:46:41+05,101540.61
62170000,2025-12-27T13:47:01+00:00,,,,0.64,10,7T13:47:31+00:00,,,,0.68,101536.156
62210000,2025-12-27T13:47:41+00:00,,,,0.67,101540.137
62220000,2025-12-27T13:47:51+0.39
62240000,2025-12-27T13:48:11+00:00,,,,0.68,101533.252
62250027T13:48:31+00:00,,,,0.67,101534.154
62270000,2025-12-21+00:00,,,,0.68,101531.81
62280000,2025-12-27T13:48:51+00:00,,,,0.90
62300000,2025-12-27T13:49:11+00:00,,,,0.67,101533.163
62310000,2025-12-27T13:49:31+00:00,,,,0.66,101532.242
62330000,2025-12-27T13:49,,0.67,101532.8
62350000,2025-12-27T13:50:01+00:00,,,,0.67,1015337.235
62370000,2025-12-27T13:50:21+00:00,,,,0.65,101537.49
62380000,2025-1:41+00:00,,,,0.66,101536.203
62400000,2025-12-27T13:50:51+00:00,,,0.66,101535.8
62410000,2025-12-27T13:51:01+00:00,02-27T13:51:31+00:00,,,,0.66,101535.8
62450000,2025-12-27T13:51:41:51+00:00,,,,0.67,101534.235
62470000,2025-12-27T13:52:01+00:00,,,,0.66,101539-025-12-27T13:5,50000,2025-12-27T13:53:21+00:00,,,,0.72,101531.19-12-27T13:53:31+00:00,,,,0.72,101534.209
62570000,2025-12-27T13:0,,,,0.73,101537.70
62590000,2025-12-27T13:54:01+00:00,,,,0.73,10.73,101535.212
013:54:41+00:00,,,,0.73,101535.254
62640000,2025-12-27T13:54:51+00:00,,,,0.72,101537.84
62650000,2025-12-27T13:52,101541.251
62660000,2025-12-27T13:55:11+00:00,,,,0.74,101536.6,2025-12-27T13:55:31+00:00,,,,0.73,101538.13
62690000,2025-12-2713:55:41+00:00,,,,0.74,101541.66
62700000,2021,2025-12-27T13:56:31+00:00,,,,0.72,101537.1667T13:56:41+00:00,,,,0.73,101539.10
62760000,2025-12-27T13:56:51+74,101541.176
62780000,2025-12-27T13:57:11+00:00,,,,0.76,101535.03
62790000,2025-12-27T13:57:21+00:00,,,,0.-27T13:57:41+00:00,,,,0.75,101538.95
62820000,2025-12-27T13:57:5.73,101539.209
62840000,2025-12-27T13:58:18000,2025-12-27T13:58:31+00:00,,,,0.74,101537.50
62870000,2025-12+00:00,,,,0.73,101533.103
62890000,2025-139.174
62910000,2025-12-27T13:59:21+00:00,,,,0.74,101536.182
6290000,2025-12-27T13:59:31+00:00,,,,0.74,101537.159
62930000,2025-12-27T13:59:41+00:00,,,,0.73,101539.126
101538.245
62970000,2025-12-27T14:00:21+00:00,,,,0.74,101542.1
62980000,2025-12-27T14:00:31+00:00,,,,0.75-12-27T14:00:41+00:00,,,,0.76,101540.41
63000000,2025-12-27T14:0,,,,0.77,101536.33
63020000,2025-12-27T14:01:11+00:00,,,,0.77,10:00,,,,0.78,101539.56
63040000,2025-12-27T14:01:31+00:00,,,,0.77,101539.126
63050000,202:01:51+00:00,,,,0.79,101542.130
63070000,2025-12-27T14:02:01+00:0,,,,0.79,101546.10
63080000,2025-12-01545.81
63090000,2025-12-27T14:02:21+00:00,,,,0.79,101547.41
63100000,2025-12-27T14:02:31+00:00,,,,0.79,101544.70
63110000,20200,2025-12-27T14:03:01+00:00101546.166
63150000,2025-12-27T14:03:21+00:00,,,,0.82,101546.51
5-12-27T14:03:41+00:00,,,,0.82,10154:03:51+00:00,,,,0.83,101542.192
63190000,2025-12-27T14:04:01+00:03,,0.83,101546.209
63230000,205-12-27T14:04:41+00:00,,,,0.83,101546.126
63240000,2025-12-27T100,,,,0.83,101547.185
63260000,2025-12-27T14:05:11+00:00,,,,0.83:05:21+00:00,,,,0.83,101547.117
63280000,2025-12-27T14:05:31+00:00,,,,0.86,101549.20
63290000,2025-12-27T14:05:41+00:00,,,,0.88,101545.142
63300000,2025-12-270:00,,,,0.89,101546.97
63320000,2,101545.93
63330000,2025-12-27T14:06:21+00:00,,,,0.91,101545.11,2025-12-27T14:06:41+00:00,,,,0.90,101542.66
63360000,2025-12-2736
63370000,2025-12-27T14:07:01+.92,101545.3
63390000,2025-12-27T14:07:21+00:00,,,,0.92,101542.149
63400000,2025-12-27T14:07:31+00:00,,,,0.91,101546.186
63410000.92,101546.157
63420000,2025-12-27T14:07:51+00:00,,,,0.92,101540.134
63430000,2025-12-27T14:08:0,0.93,101539.205
63450000,2025-12-27T14:08:21+00:00,,,,0.93,10158:31+00:00,,,,0.93,101546.219
63470000,2025-12-27T14:08:41+00:00,,,,0.93,101545.215
63480000,2025-2-27T14:08:51+00:00,,,,0.91,101548.234
63490000,2025-12-27T14:0,,,0.93,101550.98
63510000,20552.99
63520000,2025-12-27T14:09:31+00:00,,,,0.94,101549.32
63532-27T14:09:51+00:00,,,,0.96,101548.90
63550000,2025-12-27T14:10:560000,2025-12-27T14:10:11+00:00,,,,06.135
63580000,2025-12-27T14:10:30+00:00,,,,0.97,101553.135
635912-27T14:10:50+00:00,,,,0.9,,0.97,101557.96
63630000,2025-12-27T14:11:20+00:00,,,,0.96,10157.2
63640000,2025-12-27T14:11:30+00:00,,,,0.96,101558.183
63650000,2025-12-27T14:11:40+00-0+00:00,,,,0.98,101552.207
63680000,2025-12-27T14:12:10+00:00,,,56.66
63700000,2025-12-270000,2025-12-27T14:12:40+00:00,,,,0.98,101557.35
63720000,2025-100+00:00,,,,0.99,101555.239
63740000,2025-12-27T14:13:10+00:00,,00,2025-12-27T14:13:20+00:00,,,,0.99,101550.192
63760000,2025-12-27T14:13:30+00:00,,,,-1.1,101545.124
635-12-27T14:13:50+00:00,,,,-1.2,101548.197
63790000,2025-12-27T14:14:00+00:00,,,,-1.1,10013830000,2025-12-27T14:14:40+00:00,,,,-1.2,101548.238
63840000,200,,,,-1.3,101543.176
63850000,2025-12-27T14:15:00+00:00,,,,-1.3,101547.179
63860000,2025-12-27T14:15:10+00,101545.116
63880000,2025-12-27T14:15:30+00:00,,,,-1.3,101543.3914:15:40+00:00,,,,-1.4,101543.115
63900000,2025-12-27T14:15:50+00:00,,,,-1.4,101542.207
63910000,2025-12-270:00,,,,-1.6,101538.74
63930000,2025-12-27T14:16:20+00:00,,,,-1.,101539.167
639400021
63950000,2025-12-27T14:16:40+00:00,,,,-1.7,101535.42
639600002025-12-27T14:16:50+00:00,,,,-1.7,101539.248
63970000,2025-12-2T14:17:00+00:00,,,,-1.7,101539.44
63980000,2025-12-27T14:17:10+0:00,,,,-1.6,101531.7,101537.172
64000000,2025-12-27T14:17:30+00:00,,,,-1.7,101539.00,2025-12-27T14:17:50+00:00,,,,-1.9,101537.96
64030000,2025-12-7T14:18:00+00:00,0+00:00,,,,-1.9,101538.86
64050000,2025-12-27T14:18:20+00:00,,,,.35
64070000,2025-12-27T14:18:40+00:00,,,,-1.7,101538.121
64080000,2025-12-27T14:-1.8,101533.150
64120000,2025-12-27T14:19:30+00:00,,,,-1.8,101536.3
64130000,20252025-12-27T14:19:50+00:00,,,,-1.9,101536.65
64150000,2025-12-27T00:00,,,,-1.9,101539.21
64170000,2025-12-27T14:20:20+00:00,,,,-1180000,2025-12-27T14:20:30+00:00,,,,-1.8,101538.18,2025-12-27T14:20:50+00:00,,,,-1.8,101538.101
64210000,2025-12-2+,101541.72
64230000,2025-12-27T14:21:20+00:00,,,,-1.139
64250000,2025-12-27T14:21:40+00:00,,,,-1.8,101543.216
642612-27T14:22:00,101541.89
64310000,2025-12-27T14:22:40+00:00,,,,-1.10,101544.17025-12-27T14:22:50+00:00,,,,-1.10,101550.112
64330000,2025-12-27T14:23:00+00:00,,,,-1.10,101551.226
64340000,2025-12:20+00:00,,,,-1.11,101554.120
64360000,2025-12-27T14:23:30+00:0001556.5
64370000,2025-12-27T14:23:40+00:00,,,,-1.12,101553.198
64380000,2025-12-27T14:23:50+00:00,,,,-1.11,101553.13
4390000,2025-12-27T14:24:00+00:00,,,,-1.12,101550.104
64400000,025-12-27T14:24:10+00:00,,,,-1.11,101552.22
64410000,2025-12-2714:24:20+00:00,,,,-1.12,101550.212
64430000,2025-12-27T14:24:40+00:00,,,,1.13,101550.233
64440000,2025-12-27T14:24:50+00:00,,,,-1.14,101425-12-27T14:25:10+00:00,,,,-1.15,101552.55
64470000,20240:00,,,,-1.15,101549.86
64500000,2025-12-27T14:25:50+00:00,,,,-152.138
64510000,2025-12-27T14:26:00+00:00,,,,-1.14,101549.50
64520000,2025-12-27T14:26:10+00:00,,,,-1.15,101554.200
64530000,2025-12-27T14:26:20+00:00,,,,-1.14,101554.139
64540000,202512-27T14:26:30+00:00,,,,-1.14,101552.76
64550000,2025-12-27T14:26:40+001249
64590000,2025-12-27T14:27:20+00:00,,,,-1.15,101550.75
6460000,202:,,,,-1.15,101547.8
64640000,2025-12-27T14:28:10+00:00,,,,-1.15,1154864660000,2025-12-27T14:28:30+00:00,,,,-1.15,101542.181
64670000,14:28:50+00:00,,,,-1.16,101541.170
64690000,2025-12-27T14:29:00+0,,,,-1.16,101547.158
64700000,2025-12-27T14:29:10+00:00,,,,547.241
64720000,2025-12-27T14:29:30+00:00,,,,-1.17,101546.133
625-01.17,101549.200
64780000,2025-12-27T14:30:30+00:00,,,,-1.16,1015.66
64790000,2025-12-27T14:30:40+00:00,,,,-1.16,101548.107
64800000,2025-12-27T14:30:50+00:00,,,,-1.17,101551.180
64810000,2024:31:10+00:00,,,,-1.16,101554.48
64830000,2025-12-27T14:31:20+0000,,,,-1.15,101550.198
64840000,2025-12-27T14:31:30+00:00,,,,-1.162
64860000,2025-12-27T14:31:50+00:00,,,,-1.19,101551.166
6487-12-27T14:32:10+00:00,,,,-1.20,101550.243
64890000,2025-12-27T140,,,,-1.21,101556.245
64910000,2025-12-27T14:32:40+00:00,,,,-1.26,2025-12-27T14:33:10+00:00,,,,-1.27,101552.54
64950000,2025-12-2+00:00,,,,-1.26,101554.49
64970000,2025-12-27T14:33:40+00:00,,553.188
64990000,2025-12-27T14:34:00+00:00,,,,-1.27,101553.243
6025-12-27T14:34:20+00:00,,,,-1.27,101552.177
65020000,2025-12T00:00,,,,-1.26,101553.156
65040000,2025-12-27T14:34:50+00:00,,,,554.84
65060000,2025-12-27T14:35:10+00:00,,,,-1.25,101555.23070000,2025-12-27T14:35:20+00:00,,,,-1.25,101556.229
65080000,2014:35:40+00:00,,,,-1.25,101553.53
65100000,2025-12-27T14:35:50+0,,,,-56.243
65130000,2025-12-27T14:36:20+00:00,,,,-1.25,101556.229
655-12-27T14:36:40+00:00,,,,-1.26,101555.121
65160000,2025-1.25,101556.229
65190000,2025-12-27T14:37:20+00:00,,,,-1.26,1015505
6521-12-27T14:37:50+00:00,,,,-1.24,101558.230
65230000,2025-12-27T14:00,,,,-1.25,101553.39
65250000,2025-12-27T14:38:20+00:024,101554.180
65260000,2025-12-27T14:38:30+00:00,,,,-1.25,1015540000,2025-12-27T14:38:50+00:00,,,,-1.25,101556.50
65290000,2025-2-27T14:3,,,-1.25,101555.224
65320000,2025-12-27T14:39:30+00:00,,,,-1.25,5340000,2025-12-27T14:39:50+00:00,,,,-1.24,101553.149
025-12-27T14:40:00+00:00,,,,-1.26,101553.237
65360000,2025-12-2700:00,,,,-1.25,101559.240
65380000,2025-12-27T14:40:30+00:00,,,,-1.26,10155000,2025-12-27T14:41:00+00:00,,,,-1.25,101552.171
65420000,2025-41:20+00:00,,,,-1.26,101555.177
65440000,2025-12-27T00,,,,-1.26,101552.206
65450000,2025-12-27T14:41:40+00:00,,,,-1.156
65470000,2025-12-27T14:42:00+00:00,,,,-1.25,101554.151
654805490000,2025-42:30+00:00,,,,-1.26,101554.131
65510000,2025-12-27T14:42:40+00:6,101555.217
65530000,2025-12-27T14:43:00+00:00,,,12
65540000,2025-12-27T14:43:10+00:00,,,,-1.25,101553.12
6555000-27T14:43:30+00:00,,,,-1.25,101553.53
65570000,2025-12-27T14:43:14:43:50+00:00,101551.146
65600000,2025-12-27T14:44:10+00:00,,,,-1.26,101555.802025-12-27T14:44:30+00:00,,,,-1.28,101555.153
657T14:44:40+00:00,,,,-1.28,101556.103
65640000,2025-12-27T14:44:5,,-1.28,101553.106
65660000,2025-12-27T14:45:10+00:00,,,,-1.27,1,-1.28,101556.14427T14:45:50+00:00,,,,-1.28,101552.157
65710000,2025-12-27T14:46:27T14:46:10+00:00,101552.157
65740000,2025-12-27T14:46:30+00:00,,,,-1.29,101555.24,2025-12-27T14:46:50+00:00,,,,-1.29,101553.1927T14:47:00+00:00,,,,-1.27,101556.55
65780000,2025-12-27T14:47:1,,-1.29,101554.75
65800000,2025-12-27T14:47:30+00:00,,,,-1.29,10,,,-1.29,101555.107
025-12-27T14:48:00+00:00,,,,-1.29,101557.127
65840000,2025-12-2700:00,,,,-1.29,101555.174
65860000,2025-12--1.32,101553.88
65870000,2025-12-27T14:48:40+00:00,,,,-1.31,101590000,2025-12-27T14:49:00+00:00,,,,-1.31,101559.166
65900000,202
65910000,2025-12-27T10:00,,,,-1.32,101555.21
65930000,2025-12-27T14:49:40+00:00,,,,-18.191
65950000,2025-12-27T14:50:00+00:00,60000,2025-12-27T14:50:10+00:00,,,,-1.31,101558.53
65970000,202550:30+00:00,,,,-1.30,101558.164
65990000,2025-12-27T14:50:40+00:27T14:50:50+00:00,,,,-1..63
66020000,2025-12-27T14:51:10+00:00,,,,-1.31,101558.94
66030066050000,2025-12-27T14:51,,,-1.32,101556.52
66070000,2025-12-27T14:52:00+00:00,,,,-1.33,1
66090000,2025-12-27T14:52:20+00:00,,,2025-12-27T14:52:30+00:00,,,,-1.33,101556.65
66110000,2025-12-27+00:00,,,,-1.35,101556.71
66130000,2025-12-27T14:53:00+00:00,,,,4:53:10+00:00,,,,-1.34,101560000,2025-12-27T14:53:30+00:00,,,,-1.35,101556.29
66170000,2025:53:50+00:00,,,,-1.34,101554.119
661:00,,,,-1.36,101554.193
66200000,2025-12-27T14:54:10+00:00,,,,-13.224
66220000,2025-12-27T14:54:30+00:00,,,,-1.36,101554.110
662-1.34,101561.132
66240000,2024:55:00+00:00,,,,-1.34,101558.147
66260000,2025-12-27T14:55:10+00:00,,,,-1.36,101555.224
66270000,2025-12-27T14:55:20+00:00,,,,-1.37,101558.255
66280000,2025-12-256.246
66290000,2025-12-27T14:55:40+00:00,,,,-1.36,101561.82
663-12-27T14:56:00+00:00,,,,-1.36,101562.236
66320000,2025-12-27T1466330000,2025-12-27T14:56:20+00.34,101565.119
66350000,2025-12-27T14:56:40+00:00,,,,-1.36,101561.206
66360000,2025-12-27T14:56:50+00:00,,,,-1.34,101566.68
6637,,-1.36,101563.62
66380000,2025-7:20+00:00,,,,-1.36,101556.173
66400000,2025-12-27T14:57:30+00:5,101558.209
66420000,2025-12-2188
66430000,2025-12-27T14:58:00+00:00,,,,-1.34,101560.154
664402-27T14:58:20+00:00,,,,-1.35,101558.91
66460000,2025-12-27T14:5866470000,2025-12-27T14:58:40+00:00,101562.216
66490000,2025-12-27T14:59:00+00:00,,,,-1.35,101560.100,2025-12-27T14:59:20+00:00,-:40+00:00,,,,-1.36,101560.174
66540000,2025-12-27T14:59:50+00:00101556.70
66560000,2025-12-2
66570000,2025-12-27T15:00:20+00:00,,,,-1.37,101557.102
665800002025-12-27T15:00:30+00:00,,,,-1.37,101557.127
66590000,2025-12-20+00:00,,,,-1.39,101551.234,,-1.38,101555.133
66620000,2025-12-27T15:01:10+00:00,,,,-1.39,1,2025-12-27T15:01:40+00:0027T15:01:50+00:00,,,,-1.38,101557.194
66670000,2025-12-27T15:02:,,-1.40,101561.31
66690000,2025-12-27T15:02:20+00:00,,,,-1.39,1-27T15:02:30+00:00,,,,-1.39,101556.225
66710000,2025-12-27T15:02:40+00:00,,,,-1.40,101557.236
66720000,7T15:03:00+00:00,,,,-1.38,101560.118
66740000,2025-12-27T15:03:124
66750000,2025-12-27T15:03:20+00:00,,,561.26
66770000,2025-12-27T15:03:40+00:00,,,,-1.40,101559.133
66-12-27T15:04:00+00:00,,::00,,,,-1.40,101564.110
66820000,2025-12-27T15:04:30+00:00,,,,-1.41,101561.208
66830000,2025-12-27T15:04:40+00:00,,,,-1.42,10156-27T15:04:50+00:00,,,,-1.41,101564.55
66850000,2025-12-27T15:05:00+00:00,,,,-1.43,101565.118
66860000,2025-12-27T15:05:10+00:00,,,,-1.42,101567.71
66870000,2025-12-27T15:5:20+00:00,,,,-1.43,101566.67
66880000,2025-12-27T15:05:30+00:066890000,2025-12-27T15:05:40+00:00,,,,-1.42,101569.51
66900000,2025-12-27T15:05:50+00:00,,,,-1.43,101570.1527T15:06:20+00:00,,,0,,-1.43,101570.144
66960000,2025-12-27T15:06:50+00:00,,,,-1.42,166980000,2025-12-27T15:07:30+00:00,,,,-1.44,101576.234
67010000,2025-12-27T15:07:40,-1.44,101577.100
1577.204
67040000,2025-12-27T15:08:10+00:00,,,,-1.43,101579.219
2025-12-27T15:08:30+00:00,,,,-1.44,101575.80
67070000,2025-12-27,,-1.44,101580.30
67080000,2025-12-27T15:08:50+0:00,,,,-1.46,101575.235
67090000,2025-12-27T15:09:00+00:00,,,,576.96
67110000,2025-12-27T15:09:20+00:00,,,,-1.45,101572.155
677T15:09:30+00:00,,,,-1.44,101582.36
67130000,2025-12-27T15:09:40+00:00,,,,-1.46,101579.106
67140000,2025-12-27T100,,,,-1.45,101578.137
67160000,2025-12-27T15:10:10+00:00,,,,-1.7170000,2025-12-27T15:10:20+00:00,,,,-1.45,1015820000,2025-12-27T15:10:40+00:00,,,,-1.46,101585.52
67200000,2025-1:00+00:00,,,,0,,,,-1.45,101582.112
67230000,2025-12-27T15:11:20+00:00,,,,-1.4,101583.102
67240000,2025-12-27T15:11:30+00:00,,,,-1.46,101584.T15:11:50+00:00,,,,-1.47,101583.216
67270000,2025-12-27T15:12:00+00:00,,,,-1.47,101585.237
67280000,2025-12-27T15:1,,,,-1.48,101585.52
67300000,2025-12-27T15:12:30+00:00,,,,-1.48,310000,2025-12-27T15:12:40+00:00,,,,-1.48,101584.103,2025-12-27T15:13:00+00:00,,,,-1.48,101582.41
67340000,2025-12-2+00:00,,,,-581.191
67380000,2025-12-27T15:13:50+00:00,,,,-1.50,101581.164
625-12-27T1:7.44
67450000,2025-12-27T15:15:10+00:00,,,,-1.51,101588.24
67470000,2025-:30+00:00,,,,-1.52,101591.179
67490000,2025-12-27T15:15:40+00:003,101585.53
67500000,2025-12-27T15:15:50+00:00,,,,-1.52,
67520000,2025-12-27T15:16:10+00:00,,,,-1.53,101589.54
67530000,7T15:160+00:00,,,,-1.53,101589.137
67560000,2025-12-27T15:16:50+00:00,,01589.148
67580000,2025-12-27T15:17:10+00:00,,,,-1.54,101590.15
00,2025-12-27T15:17:20+00:00,,,,-1.54,101591.251
67600000,7T15:17:40+00:00,,,,-1.55,101590.214
67620000,2025-12-27T15:17:5,-1.51586.95
67650000,2025-12-27T15:18:20+00:00,,,,-1.56,101587.44
6725-12-27T15:18:40+00:00,,,,-1.55,101586.198
67680000,2025-12-27T8:50+00:00,,,,-1.56,101587.249
67690000,2025-12-27T15:19:00+-1.56,101586.101
67710000,2025-12-27T15:19:20+00:00,,,,-1.56,101000-12-27T15:19:50+00:00,,,,-1.57,101582.228
67750000,2025-12-27T1500,,,,-1.58,101586.141
67770000,2025-12-27T15:20:20+00:00,,,,-1.,101585.158
67780000,2025-12-27T15:20:30+00:00,,,,-1.57,1015902-27T15:21:00+00:00,,,,-1.59,101583.168
67820000,2025-12-27T15:1:10+00:00,,,,-1.59,101588.158
67830000,2025-12-27T15:21:20+00:59,101587.128
67850000,2025-12-27T15:21:40+00:00,,,,-1.60,1015870000,2025-12-27T15:22:00+00:00,,,,-1.58,101588.147
67880000,2025:22:20+00:00,,,,-1.58,101586.127
67900000,2025-12-27T15:22:30+0013.168
67930000,2025-12-27T15:23:00+00:00,,,,-1.58,101587.8
6794000,2025-12-27T15:23:10+00:00,,,,-1.59,101582.177
67950000,2025-12-27T15:23:20+00:00,,,,-1.59,101582.177
67960000,2025-12-27T123:30+00:00,,,,-1.61,101580.156
67970000,2025-12-27T15:23:40+00:0,,,,-1.62,101577.33
67980000,2025-12-27T15:23:50+00:00,,,,-1.625
68000000,2025-12-27T15:24:10+00:00,,,,-1.62,101580.73
68010-27T15:24:30+00:00,,,,-1.65,101578.130
68030000,2025-12-27T15:24,,,,-1.65,101583.66
68050000,2025-12-27T15:25:00+00:00,,,,-1101579.147
68060000,2025-12-27T15:25:10+00:00,,,,-1.66,101579.120,2025-12-27T15:25:30+00:00,,,,-1.67,101583.111
68090000,2025-125:25:50+00:00,,,,-1.65,101579.24
68110000,2025-12-27T15:26:00+00:00,,1580.178
68130000,2025-12-27T15:26:20+00:00,,,,-1.65,101579.228
0000,215:26:50+00:00,,,,-1.66,101577.243
68170000,2025-12-27T15:27:00+-.67,1018025-12-27T15:27:50+00:00,,,,-1.66,101585.244
68230000,2025-12-2715:28:101580.183
68270000,2025-12-27T15:28:40+00:00,,,,-1.68,101579.157
68290000,2025-12-27T15:29:00+00:00,,,,-1.68,101578.18
68300000,2025-12-27+00:00,,,,-1.67,101582.74
68320000,2025-12-27T15:29:30+00:00,,,,-1.67,101580.12
68330000,2025-12-27T15:29:40+00:00,,,,83.153
68340000,2025-12-27T15:29:50+00:00,,,,-1.67,101583.64
683-12-27T15:30:10+00:00,,,,-1.68,101582.4
68370000,2025-12-27T15:30:20+00:00,,,,-1.67,101587.24
68380000,2025-12-27T15:,,,,-1.68,101584.147
68390000,2025-12-27T15:30:40+00:00,,,,-1.68
68410000,2025-12-27T15:31:00+00:00,,,,-1.68,101585.152
68420000000,2025-12-30+00:00,,,,-1.68,101584.25
68450000,2025-12-27T15:31:40+00:00,,01584.208
68470000,2025-12-27T15:32:00+00:00,,,,-1.
68480000,2025-12-27T15:32:10+00:00,,,,-1.69,101580.207
68490000,2025-12-27T15:32:20+00:00,,,,-1.70,101581.60
68500000,2025-12-27T15:32:30+00:00,,,,-1.68,101588.25
68510000,2025-12-27T15:32:40+00:00,,,,-1.69,101588.5
68520000,2025-12-27T15:32-82.49
68540000,2025-12-27T15:33:10+00:00,,,,-1.70,101580.137
6855-12-27T15:33:30+00:00,,,,-1.70,101581.141
6857005070,101584.179
68600000,2025-12-27T15:34:10+00:00,,,,-1.72,10158.255
68610000,2025-12-27T15:34:20+00:00,,,,-1.720000,2025-12-27T15:34:30+00:00,,,,-1.72,101577.2
68630000,2025-34:50+00:00,,,,-1.73,101578.18
68650000,2025-12-27T15:35:00+00:0:10+00:00,,,,-1.74,101576.125
68670000,2025-12-27T15:35:20+00:00,,,,-1.74,101580.85
68680000,2025-12-27T15:35:30+00:00,,,,-1.75,101578.254
6869002-27T15:35:50+00:00,,,,-1.75,101578.44
6871000:00+00:00,,,,-1.76,101579.141
68720000,2025-12-27T15:36:10+00:00101576.116
68740000,2025-12-27T15:36:30+00:00,,,,-1.76,101578.21,101577.161
6876000027T15:37:00+00:00,,,,-1.76,101577.147
68780000,2025-12-27T15:37,,,,-1.77,101579.146
68800000,2025-12-27T15:,101579.64
68810000,2025-12-27T15:37:40+00:00,,,,-1.78,101577.1110,2025-12-27T15:38:00+00:00,,,,-1.80,101578.8
68840000,2025-12-200,2025-12-27T15:38:2,,-1.79,101579.14
68870000,2025-12-27T15:38:40+00:00,,,,-1.80,108890000,2025-12-27T15:39:00+00:00,,,,-1.80025-12-27T15:39:10+00:00,,,,-1.81,101577.243
68910000,2025-12-27+00:00,,,,-1.82,101572.135
68930000,2025-12-27T15:39:40+00:00,,,39:50+00:00,,,,-1.84,108960000,2025-12-27T15:40:10+00:00,,,,-1.86,101573.113
68970000,2T15:40:30+00:00,,,,-1.87,101576.191
6899+00:00,,,,-1.85,101580.23
69000000,2025-12-27T15:40:50+00:00,,,,576.42
69020000,2025-12-27T15:41:10+00:00,,,,-1.86,101576.0
6903,101574.7
69040000,2025-1:40+00:00,,,,-1.87,101578.156
69060000,2025-12-27T15:41:50+00:00,101577.222
69080000,2025-12-27T15:42:3
69090000,2025-12-27T15:42:20+00:00,,,,-1.89,101578.120
69100000,2025-12-27T15:42:30+00:00,,,,-1.88,101578.53
69110000,2025-12-50+00:00,,,,-1.89,101577.253
69130000,,,-1.90,101578.1
69140000,2025-12-27T15:43:10+00:00,,,,-1.90,10578.207
69150000,2025-12-27T15:43:20+00:00,,,,-1.90,101576.22
69160000,2025-12-27T15:43:30+00:00,,,,-1.90,101577.12
69170000,20574.20
69180000,2025-12-27T100,,,,-1.90,101579.73
69200000,2025-12-27T15:44:10+00:00,,,,-1..62
69220000,2025-12-27T15:44:30+00000,2025-12-27T15:44:40+00:00,,,,-1.91,101581.79
69240000,2025-1:,,,,-1.90,101581.116
69270000,2025,101578.84
69280000,2025-12-27T15:45:30+00:00,,,,-1.91,101580.8369290000,2025-12-27T15:45:40+00:00,,,,-1.92,101580.53
69300000,7103
69320000,2025-12-27T15:46:10+00:00,,,,-1.93,101582.190
69330000,2025-12-27T15:46:20+00:00,,,01580.32
69350000,2025-12-27T15:46:40+00:00,,,,-1.94,101580.174
600,,,,-1.95,101579.88
69370000,2T15:47:10+00:00,,,,-1.95,101578.220
69390000,2025-12-27T15:47:2000:00,,,,-1.96,101577.236
69400000,2025-12-27T15:47:30+00:00,,,,-1.96,101576.163
69410000,20251574.157
69420000,2025-12-27T15:47:50+00:00,,,,-1.96,101575.107
2025-12-27T15:48:10+00:00,,,,-1.97,101571.103
69450000,2025-12-2T15:48:20+00:00,,,,-1.97,10150+00:00,,,,-1.96,101582.62
69470000,2025-12-27T15:48:40+00:00,,,577.143
69490000,2025-12-27T15:49:00+00:00,,,,-2.0,101574.122
69500000,2025-12-27T15:49:10+0025-12-27T15:49:20+00:00,,,,-2.0,101570.178
69520000,2025-12-27T15:49:30+00:00,,,,-2.0,101570.121
69530000,2025-12-27T15:49:40+00:00,,,,-1.99,101572.90
69540000,2025-12-27T15:49:50+00:00,,,,-2.0,101569.173
69550000,2025-.156
69560000,2025-12-27T15:50:10+00:00,,,,-2.2,101567.198
695700-27T15:50:30+00:00,,,,-2.1,101569.151
69590000,2025-12-27T15:50:40+00:00,,,,-2.1,101568.121,,-2.2,101568.229
69610000,2025-12-27T15:51:00+00:00,,,,-2.2,10130000,2025-12-27T15:51:20+00:00,,,,-2.3,101568.29
69640000,2025-.4,101564.170
69650000,2025-12-27T15:5,563.244
69680000,2025-12-27T15:52:10+00:00,,,,-2.2,101567.109
690+00:00,,,,-2.3,101566.187
69700000,202:52:40+00:00,,,,-2.5,101564.150
69720000,2025-12-27T15:52:50+00:,-12-27T15:53:10+00:00,,,,-2.6,101561.27
5:53:40+00:00,,,,-2.6,101564.120
69780000,2025-12-27T15:53:50+009790000,2025-12-27T15:54:00+00:00,,,,-2.6,101563.253
69800000,2025-12-27T15:54:10+00:00,,,,-2.6,101561.15,2025-12-27T15:54:30+00:00,,,,-2.8,101563.79
69830000,2025-12-278,101563.243
69840000,2025-12-27T15:54:50+2.9,101559.16
69860000,2025-12-27T15:55:10+00:00,,,,-2.8,101562.0,2025-12-27T15:55:30-27T15:55:40+00:00,,,,-2.9,101563.180
69900000,2025-12-27T15:55:5,,,-2.10,101560.66
69920000,2025-12-27T15:56:10+00:00,,,,-2.10,125-12-27T15:56:20+00:00,,,,-2.11,101565.67
6025-12-27T15:56:40+00:00,,,,-2.11,101561.149
69960000,2025-12-27+00:00,,,,-2.13,101-2.12,101562.158
69990000,2025-12-27T15:57:20+00:00,,,,-2.12,101010000,2025-12-27T15:57:40+00:00,,,,-2.14,101563.193
70020000,2000:00,,,,-2.14,101565.35
70030000,2025-12-27T1014,101565.199
70060000,2025-12-27T15:58:30+00:00,,,,-2.15,1015625-12-27T15:58:40+00:00,,,,-2.15,101568.65
7008012-27T15:59:00+00:00,,,,-2.14,101567.14
70100000,2025-12-27T15:5,,,,-2.15,101568101564.28
70130000,2025-12-27T15:59:40+00:00,,,,-2.17,101562.34
2025-12-27T16:00:00+00:00,,,,-2.15,101570.4
70160000,2025-12-27T,,,-2.17,101565.85
70170000,2025-12-27T16:00:20+0:00,,,,-2.18,101562.94
70180000,2025-12-27T16:00:30+00:00,,,,-2.19,101562.80
70190000,2025-12-27T16:00:40+00:00,,,,-2.18,101563.000,2025-12-2712-27T16:01:10+00:00,,,,-2.19,101564.3
70230000,2025-12-27T16:01,,,,-2.19,101566.105