,time_current,Prevailing Wind Magnitude (MPH)_current,Gust Wind Magnitude (MPH)_current,Vis (MI)_current,Cloud Height 1 (100s of ft)_current,Cloud Height 2 (100s of ft)_current,Cloud Height 3 (100s of ft)_current,Cloud Height 4 (100s of ft)_current,Air Temp (F)_current,Dewpoint (F)_current,6hr Max (F)_current,6hr Min (F)_current,Rel Hum_current,Wind Chill (F)_current,Heat Index (F)_current,Sea Level Pressure (MB)_current,Precip 1hr_current,Precip 3hr_current,Precip 6hr_current
0,21.9,9.0,,10.0,35.0,250.0,,,43.0,30.9,,,63.0,38.0,,1023.0,,,
1,21.9,9.0,,10.0,35.0,250.0,,,43.0,30.9,,,63.0,38.0,,1023.0,,,
2,21.9,9.0,,10.0,35.0,250.0,,,43.0,30.9,,,63.0,38.0,,1023.0,,,
3,21.9,9.0,,10.0,35.0,250.0,,,43.0,30.9,,,63.0,38.0,,1023.0,,,
4,21.9,9.0,,10.0,35.0,250.0,,,43.0,30.9,,,63.0,38.0,,1023.0,,,
5,21.9,9.0,,10.0,35.0,250.0,,,43.0,30.9,,,63.0,38.0,,1023.0,,,
6,22.9,7.0,,10.0,250.0,,,,42.1,32.0,,,68.0,38.0,,1023.9,,,
7,22.9,7.0,,10.0,250.0,,,,42.1,32.0,,,68.0,38.0,,1023.9,,,
8,22.9,7.0,,10.0,250.0,,,,42.1,32.0,,,68.0,38.0,,1023.9,,,
9,22.9,7.0,,10.0,250.0,,,,42.1,32.0,,,68.0,38.0,,1023.9,,,
10,22.9,7.0,,10.0,250.0,,,,42.1,32.0,,,68.0,38.0,,1023.9,,,
11,22.9,7.0,,10.0,250.0,,,,42.1,32.0,,,68.0,38.0,,1023.9,,,
12,23.9,6.0,,10.0,250.0,,,,41.0,32.0,48.0,41.0,70.0,38.0,,1024.2,,,
13,23.9,6.0,,10.0,250.0,,,,41.0,32.0,48.0,41.0,70.0,38.0,,1024.2,,,
14,23.9,6.0,,10.0,250.0,,,,41.0,32.0,48.0,41.0,70.0,38.0,,1024.2,,,
15,23.9,6.0,,10.0,250.0,,,,41.0,32.0,48.0,41.0,70.0,38.0,,1024.2,,,
16,23.9,6.0,,10.0,250.0,,,,41.0,32.0,48.0,41.0,70.0,38.0,,1024.2,,,
17,23.9,6.0,,10.0,250.0,,,,41.0,32.0,48.0,41.0,70.0,38.0,,1024.2,,,
18,0.9,6.0,,10.0,250.0,,,,37.9,30.9,,,76.0,34.0,,1024.6,,,
19,0.9,6.0,,10.0,250.0,,,,37.9,30.9,,,76.0,34.0,,1024.6,,,
20,0.9,6.0,,10.0,250.0,,,,37.9,30.9,,,76.0,34.0,,1024.6,,,
21,0.9,6.0,,10.0,250.0,,,,37.9,30.9,,,76.0,34.0,,1024.6,,,
22,0.9,6.0,,10.0,250.0,,,,37.9,30.9,,,76.0,34.0,,1024.6,,,
23,0.9,6.0,,10.0,250.0,,,,37.9,30.9,,,76.0,34.0,,1024.6,,,
24,1.9,,,10.0,250.0,,,,39.0,32.0,,,76.0,,,1025.6,,,
25,1.9,,,10.0,250.0,,,,39.0,32.0,,,76.0,,,1025.6,,,
26,1.9,,,10.0,250.0,,,,39.0,32.0,,,76.0,,,1025.6,,,
27,1.9,,,10.0,250.0,,,,39.0,32.0,,,76.0,,,1025.6,,,
28,1.9,,,10.0,250.0,,,,39.0,32.0,,,76.0,,,1025.6,,,
29,1.9,,,10.0,250.0,,,,39.0,32.0,,,76.0,,,1025.6,,,
30,2.9,5.0,,10.0,,,,,37.9,30.9,,,76.0,35.0,,1026.5,,,
31,2.9,5.0,,10.0,,,,,37.9,30.9,,,76.0,35.0,,1026.5,,,
32,2.9,5.0,,10.0,,,,,37.9,30.9,,,76.0,35.0,,1026.5,,,
33,2.9,5.0,,10.0,,,,,37.9,30.9,,,76.0,35.0,,1026.5,,,
34,2.9,5.0,,10.0,,,,,37.9,30.9,,,76.0,35.0,,1026.5,,,
35,2.9,5.0,,10.0,,,,,37.9,30.9,,,76.0,35.0,,1026.5,,,
36,3.9,7.0,,10.0,,,,,37.0,30.9,,,79.0,32.0,,1026.3,,,
37,3.9,7.0,,10.0,,,,,37.0,30.9,,,79.0,32.0,,1026.3,,,
38,3.9,7.0,,10.0,,,,,37.0,30.9,,,79.0,32.0,,1026.3,,,
39,3.9,7.0,,10.0,,,,,37.0,30.9,,,79.0,32.0,,1026.3,,,
40,3.9,7.0,,10.0,,,,,37.0,30.9,,,79.0,32.0,,1026.3,,,
41,3.9,7.0,,10.0,,,,,37.0,30.9,,,79.0,32.0,,1026.3,,,
42,4.9,,,10.0,,,,,35.1,30.0,,,82.0,,,1026.1,,,
43,4.9,,,10.0,,,,,35.1,30.0,,,82.0,,,1026.1,,,
44,4.9,,,10.0,,,,,35.1,30.0,,,82.0,,,1026.1,,,
45,4.9,,,10.0,,,,,35.1,30.0,,,82.0,,,1026.1,,,
46,4.9,,,10.0,,,,,35.1,30.0,,,82.0,,,1026.1,,,
47,4.9,,,10.0,,,,,35.1,30.0,,,82.0,,,1026.1,,,
48,5.9,,,10.0,,,,,32.0,30.0,42.1,30.0,92.0,,,1026.5,,,
49,5.9,,,10.0,,,,,32.0,30.0,42.1,30.0,92.0,,,1026.5,,,
50,5.9,,,10.0,,,,,32.0,30.0,42.1,30.0,92.0,,,1026.5,,,
51,5.9,,,10.0,,,,,32.0,30.0,42.1,30.0,92.0,,,1026.5,,,
52,5.9,,,10.0,,,,,32.0,30.0,42.1,30.0,92.0,,,1026.5,,,
53,5.9,,,10.0,,,,,32.0,30.0,42.1,30.0,92.0,,,1026.5,,,
54,6.9,,,10.0,,,,,32.0,30.9,,,96.0,,,1026.7,,,
55,6.9,,,10.0,,,,,32.0,30.9,,,96.0,,,1026.7,,,
56,6.9,,,10.0,,,,,32.0,30.9,,,96.0,,,1026.7,,,
57,6.9,,,10.0,,,,,32.0,30.9,,,96.0,,,1026.7,,,
58,6.9,,,10.0,,,,,32.0,30.9,,,96.0,,,1026.7,,,
59,6.9,,,10.0,,,,,32.0,30.9,,,96.0,,,1026.7,,,
60,7.9,3.0,,10.0,250.0,,,,28.9,28.9,,,100.0,,,1027.1,,,
61,7.9,3.0,,10.0,250.0,,,,28.9,28.9,,,100.0,,,1027.1,,,
62,7.9,3.0,,10.0,250.0,,,,28.9,28.9,,,100.0,,,1027.1,,,
63,7.9,3.0,,10.0,250.0,,,,28.9,28.9,,,100.0,,,1027.1,,,
64,7.9,3.0,,10.0,250.0,,,,28.9,28.9,,,100.0,,,1027.1,,,
65,7.9,3.0,,10.0,250.0,,,,28.9,28.9,,,100.0,,,1027.1,,,
66,8.9,,,10.0,250.0,,,,30.0,28.9,,,96.0,,,1027.3,,,
67,8.9,,,10.0,250.0,,,,30.0,28.9,,,96.0,,,1027.3,,,
68,8.9,,,10.0,250.0,,,,30.0,28.9,,,96.0,,,1027.3,,,
69,8.9,,,10.0,250.0,,,,30.0,28.9,,,96.0,,,1027.3,,,
70,8.9,,,10.0,250.0,,,,30.0,28.9,,,96.0,,,1027.3,,,
71,8.9,,,10.0,250.0,,,,30.0,28.9,,,96.0,,,1027.3,,,
72,9.9,,,10.0,3.0,250.0,,,30.0,28.9,,,96.0,,,1026.8,,,
73,9.9,,,10.0,3.0,250.0,,,30.0,28.9,,,96.0,,,1026.8,,,
74,9.9,,,10.0,3.0,250.0,,,30.0,28.9,,,96.0,,,1026.8,,,
75,9.9,,,10.0,3.0,250.0,,,30.0,28.9,,,96.0,,,1026.8,,,
76,9.9,,,10.0,3.0,250.0,,,30.0,28.9,,,96.0,,,1026.8,,,
77,9.9,,,10.0,3.0,250.0,,,30.0,28.9,,,96.0,,,1026.8,,,
78,10.9,5.0,,10.0,3.0,250.0,,,27.0,27.0,,,100.0,22.0,,1027.1,,,
79,10.9,5.0,,10.0,3.0,250.0,,,27.0,27.0,,,100.0,22.0,,1027.1,,,
80,10.9,5.0,,10.0,3.0,250.0,,,27.0,27.0,,,100.0,22.0,,1027.1,,,
81,10.9,5.0,,10.0,3.0,250.0,,,27.0,27.0,,,100.0,22.0,,1027.1,,,
82,10.9,5.0,,10.0,3.0,250.0,,,27.0,27.0,,,100.0,22.0,,1027.1,,,
83,10.9,5.0,,10.0,3.0,250.0,,,27.0,27.0,,,100.0,22.0,,1027.1,,,
84,11.9,3.0,,10.0,140.0,250.0,,,30.0,28.9,32.0,27.0,96.0,,,1026.7,,,
85,11.9,3.0,,10.0,140.0,250.0,,,30.0,28.9,32.0,27.0,96.0,,,1026.7,,,
86,11.9,3.0,,10.0,140.0,250.0,,,30.0,28.9,32.0,27.0,96.0,,,1026.7,,,
87,11.9,3.0,,10.0,140.0,250.0,,,30.0,28.9,32.0,27.0,96.0,,,1026.7,,,
88,11.9,3.0,,10.0,140.0,250.0,,,30.0,28.9,32.0,27.0,96.0,,,1026.7,,,
89,11.9,3.0,,10.0,140.0,250.0,,,30.0,28.9,32.0,27.0,96.0,,,1026.7,,,
90,12.9,3.0,,10.0,160.0,250.0,,,30.9,28.9,,,92.0,,,1026.3,,,
91,12.9,3.0,,10.0,160.0,250.0,,,30.9,28.9,,,92.0,,,1026.3,,,
92,12.9,3.0,,10.0,160.0,250.0,,,30.9,28.9,,,92.0,,,1026.3,,,
93,12.9,3.0,,10.0,160.0,250.0,,,30.9,28.9,,,92.0,,,1026.3,,,
94,12.9,3.0,,10.0,160.0,250.0,,,30.9,28.9,,,92.0,,,1026.3,,,
95,12.9,3.0,,10.0,160.0,250.0,,,30.9,28.9,,,92.0,,,1026.3,,,
96,13.9,5.0,,10.0,3.0,160.0,250.0,,33.1,30.9,,,92.0,29.0,,1026.5,,,
97,13.9,5.0,,10.0,3.0,160.0,250.0,,33.1,30.9,,,92.0,29.0,,1026.5,,,
98,13.9,5.0,,10.0,3.0,160.0,250.0,,33.1,30.9,,,92.0,29.0,,1026.5,,,
99,13.9,5.0,,10.0,3.0,160.0,250.0,,33.1,30.9,,,92.0,29.0,,1026.5,,,
100,13.9,5.0,,10.0,3.0,160.0,250.0,,33.1,30.9,,,92.0,29.0,,1026.5,,,
101,13.9,5.0,,10.0,3.0,160.0,250.0,,33.1,30.9,,,92.0,29.0,,1026.5,,,
102,14.9,6.0,,10.0,2.0,160.0,250.0,,35.1,33.1,,,93.0,31.0,,1026.6,,,
103,14.9,6.0,,10.0,2.0,160.0,250.0,,35.1,33.1,,,93.0,31.0,,1026.6,,,
104,14.9,6.0,,10.0,2.0,160.0,250.0,,35.1,33.1,,,93.0,31.0,,1026.6,,,
105,14.9,6.0,,10.0,2.0,160.0,250.0,,35.1,33.1,,,93.0,31.0,,1026.6,,,
106,14.9,6.0,,10.0,2.0,160.0,250.0,,35.1,33.1,,,93.0,31.0,,1026.6,,,
107,14.9,6.0,,10.0,2.0,160.0,250.0,,35.1,33.1,,,93.0,31.0,,1026.6,,,
108,15.9,8.0,,10.0,30.0,160.0,250.0,,37.9,34.0,,,86.0,33.0,,1025.3,,,
109,15.9,8.0,,10.0,30.0,160.0,250.0,,37.9,34.0,,,86.0,33.0,,1025.3,,,
110,15.9,8.0,,10.0,30.0,160.0,250.0,,37.9,34.0,,,86.0,33.0,,1025.3,,,
111,15.9,8.0,,10.0,30.0,160.0,250.0,,37.9,34.0,,,86.0,33.0,,1025.3,,,
112,15.9,8.0,,10.0,30.0,160.0,250.0,,37.9,34.0,,,86.0,33.0,,1025.3,,,
113,15.9,8.0,,10.0,30.0,160.0,250.0,,37.9,34.0,,,86.0,33.0,,1025.3,,,
114,16.9,15.0,,10.0,20.0,140.0,250.0,,44.1,37.9,,,79.0,38.0,,1024.1,,,
115,16.9,15.0,,10.0,20.0,140.0,250.0,,44.1,37.9,,,79.0,38.0,,1024.1,,,
116,16.9,15.0,,10.0,20.0,140.0,250.0,,44.1,37.9,,,79.0,38.0,,1024.1,,,
117,16.9,15.0,,10.0,20.0,140.0,250.0,,44.1,37.9,,,79.0,38.0,,1024.1,,,
118,16.9,15.0,,10.0,20.0,140.0,250.0,,44.1,37.9,,,79.0,38.0,,1024.1,,,
119,16.9,15.0,,10.0,20.0,140.0,250.0,,44.1,37.9,,,79.0,38.0,,1024.1,,,
120,17.9,16.0,24.0,10.0,20.0,140.0,250.0,,46.0,39.0,46.9,28.9,77.0,40.0,,1022.7,,,
121,17.9,16.0,24.0,10.0,20.0,140.0,250.0,,46.0,39.0,46.9,28.9,77.0,40.0,,1022.7,,,
122,17.9,16.0,24.0,10.0,20.0,140.0,250.0,,46.0,39.0,46.9,28.9,77.0,40.0,,1022.7,,,
123,17.9,16.0,24.0,10.0,20.0,140.0,250.0,,46.0,39.0,46.9,28.9,77.0,40.0,,1022.7,,,
124,17.9,16.0,24.0,10.0,20.0,140.0,250.0,,46.0,39.0,46.9,28.9,77.0,40.0,,1022.7,,,
125,17.9,16.0,24.0,10.0,20.0,140.0,250.0,,46.0,39.0,46.9,28.9,77.0,40.0,,1022.7,,,
126,18.9,17.0,29.0,10.0,22.0,,,,46.9,39.0,,,74.0,41.0,,1021.5,,,
127,18.9,17.0,29.0,10.0,22.0,,,,46.9,39.0,,,74.0,41.0,,1021.5,,,
128,18.9,17.0,29.0,10.0,22.0,,,,46.9,39.0,,,74.0,41.0,,1021.5,,,
129,18.9,17.0,29.0,10.0,22.0,,,,46.9,39.0,,,74.0,41.0,,1021.5,,,
130,18.9,17.0,29.0,10.0,22.0,,,,46.9,39.0,,,74.0,41.0,,1021.5,,,
131,18.9,17.0,29.0,10.0,22.0,,,,46.9,39.0,,,74.0,41.0,,1021.5,,,
132,19.9,20.0,,10.0,22.0,,,,46.0,39.0,,,77.0,39.0,,1020.2,,,
133,19.9,20.0,,10.0,22.0,,,,46.0,39.0,,,77.0,39.0,,1020.2,,,
134,19.9,20.0,,10.0,22.0,,,,46.0,39.0,,,77.0,39.0,,1020.2,,,
135,19.9,20.0,,10.0,22.0,,,,46.0,39.0,,,77.0,39.0,,1020.2,,,
136,19.9,20.0,,10.0,22.0,,,,46.0,39.0,,,77.0,39.0,,1020.2,,,
137,19.9,20.0,,10.0,22.0,,,,46.0,39.0,,,77.0,39.0,,1020.2,,,
138,20.9,18.0,29.0,10.0,21.0,70.0,,,46.0,39.9,,,79.0,39.0,,1019.6,,,
139,20.9,18.0,29.0,10.0,21.0,70.0,,,46.0,39.9,,,79.0,39.0,,1019.6,,,
140,20.9,18.0,29.0,10.0,21.0,70.0,,,46.0,39.9,,,79.0,39.0,,1019.6,,,
141,20.9,18.0,29.0,10.0,21.0,70.0,,,46.0,39.9,,,79.0,39.0,,1019.6,,,
142,20.9,18.0,29.0,10.0,21.0,70.0,,,46.0,39.9,,,79.0,39.0,,1019.6,,,
143,20.9,18.0,29.0,10.0,21.0,70.0,,,46.0,39.9,,,79.0,39.0,,1019.6,,,
144,21.9,17.0,25.0,10.0,20.0,,,,45.0,41.0,,,86.0,38.0,,1018.7,,,
145,21.9,17.0,25.0,10.0,20.0,,,,45.0,41.0,,,86.0,38.0,,1018.7,,,
146,21.9,17.0,25.0,10.0,20.0,,,,45.0,41.0,,,86.0,38.0,,1018.7,,,
147,21.9,17.0,25.0,10.0,20.0,,,,45.0,41.0,,,86.0,38.0,,1018.7,,,
148,21.9,17.0,25.0,10.0,20.0,,,,45.0,41.0,,,86.0,38.0,,1018.7,,,
149,21.9,17.0,25.0,10.0,20.0,,,,45.0,41.0,,,86.0,38.0,,1018.7,,,
150,22.9,14.0,,10.0,17.0,,,,45.0,41.0,,,86.0,39.0,,1017.6,,,
151,22.9,14.0,,10.0,17.0,,,,45.0,41.0,,,86.0,39.0,,1017.6,,,
152,22.9,14.0,,10.0,17.0,,,,45.0,41.0,,,86.0,39.0,,1017.6,,,
153,22.9,14.0,,10.0,17.0,,,,45.0,41.0,,,86.0,39.0,,1017.6,,,
154,22.9,14.0,,10.0,17.0,,,,45.0,41.0,,,86.0,39.0,,1017.6,,,
155,22.9,14.0,,10.0,17.0,,,,45.0,41.0,,,86.0,39.0,,1017.6,,,
156,23.9,18.0,28.0,10.0,12.0,,,,46.0,43.0,46.9,45.0,89.0,39.0,,1016.3,0.01,,
157,23.9,18.0,28.0,10.0,12.0,,,,46.0,43.0,46.9,45.0,89.0,39.0,,1016.3,0.01,,
158,23.9,18.0,28.0,10.0,12.0,,,,46.0,43.0,46.9,45.0,89.0,39.0,,1016.3,0.01,,
159,23.9,18.0,28.0,10.0,12.0,,,,46.0,43.0,46.9,45.0,89.0,39.0,,1016.3,0.01,,
160,23.9,18.0,28.0,10.0,12.0,,,,46.0,43.0,46.9,45.0,89.0,39.0,,1016.3,0.01,,
161,23.9,18.0,28.0,10.0,12.0,,,,46.0,43.0,46.9,45.0,89.0,39.0,,1016.3,0.01,,
162,0.9,20.0,31.0,10.0,11.0,,,,46.9,45.0,,,93.0,40.0,,1015.1,0.01,,
163,0.9,20.0,31.0,10.0,11.0,,,,46.9,45.0,,,93.0,40.0,,1015.1,0.01,,
164,0.9,20.0,31.0,10.0,11.0,,,,46.9,45.0,,,93.0,40.0,,1015.1,0.01,,
165,0.9,20.0,31.0,10.0,11.0,,,,46.9,45.0,,,93.0,40.0,,1015.1,0.01,,
166,0.9,20.0,31.0,10.0,11.0,,,,46.9,45.0,,,93.0,40.0,,1015.1,0.01,,
167,0.9,20.0,31.0,10.0,11.0,,,,46.9,45.0,,,93.0,40.0,,1015.1,0.01,,
168,1.9,21.0,,10.0,12.0,,,,48.9,46.9,,,93.0,43.0,,1014.4,0.02,,
169,1.9,21.0,,10.0,12.0,,,,48.9,46.9,,,93.0,43.0,,1014.4,0.02,,
170,1.9,21.0,,10.0,12.0,,,,48.9,46.9,,,93.0,43.0,,1014.4,0.02,,
171,1.9,21.0,,10.0,12.0,,,,48.9,46.9,,,93.0,43.0,,1014.4,0.02,,
172,1.9,21.0,,10.0,12.0,,,,48.9,46.9,,,93.0,43.0,,1014.4,0.02,,
173,1.9,21.0,,10.0,12.0,,,,48.9,46.9,,,93.0,43.0,,1014.4,0.02,,
174,2.9,18.0,30.0,10.0,11.0,,,,50.0,46.9,,,89.0,44.0,,1013.9,0.01,0.04,
175,2.9,18.0,30.0,10.0,11.0,,,,50.0,46.9,,,89.0,44.0,,1013.9,0.01,0.04,
176,2.9,18.0,30.0,10.0,11.0,,,,50.0,46.9,,,89.0,44.0,,1013.9,0.01,0.04,
177,2.9,18.0,30.0,10.0,11.0,,,,50.0,46.9,,,89.0,44.0,,1013.9,0.01,0.04,
178,2.9,18.0,30.0,10.0,11.0,,,,50.0,46.9,,,89.0,44.0,,1013.9,0.01,0.04,
179,2.9,18.0,30.0,10.0,11.0,,,,50.0,46.9,,,89.0,44.0,,1013.9,0.01,0.04,
180,3.9,18.0,30.0,10.0,12.0,,,,52.0,48.9,,,89.0,,,1014.0,,,
181,3.9,18.0,30.0,10.0,12.0,,,,52.0,48.9,,,89.0,,,1014.0,,,
182,3.9,18.0,30.0,10.0,12.0,,,,52.0,48.9,,,89.0,,,1014.0,,,
183,3.9,18.0,30.0,10.0,12.0,,,,52.0,48.9,,,89.0,,,1014.0,,,
184,3.9,18.0,30.0,10.0,12.0,,,,52.0,48.9,,,89.0,,,1014.0,,,
185,3.9,18.0,30.0,10.0,12.0,,,,52.0,48.9,,,89.0,,,1014.0,,,
186,4.9,20.0,28.0,10.0,15.0,22.0,27.0,,52.0,48.0,,,86.0,,,1014.0,,,
187,4.9,20.0,28.0,10.0,15.0,22.0,27.0,,52.0,48.0,,,86.0,,,1014.0,,,
188,4.9,20.0,28.0,10.0,15.0,22.0,27.0,,52.0,48.0,,,86.0,,,1014.0,,,
189,4.9,20.0,28.0,10.0,15.0,22.0,27.0,,52.0,48.0,,,86.0,,,1014.0,,,
190,4.9,20.0,28.0,10.0,15.0,22.0,27.0,,52.0,48.0,,,86.0,,,1014.0,,,
191,4.9,20.0,28.0,10.0,15.0,22.0,27.0,,52.0,48.0,,,86.0,,,1014.0,,,
192,5.9,16.0,28.0,10.0,22.0,250.0,,,52.0,45.0,52.0,46.0,77.0,,,1015.0,,,0.04
193,5.9,16.0,28.0,10.0,22.0,250.0,,,52.0,45.0,52.0,46.0,77.0,,,1015.0,,,0.04
194,5.9,16.0,28.0,10.0,22.0,250.0,,,52.0,45.0,52.0,46.0,77.0,,,1015.0,,,0.04
195,5.9,16.0,28.0,10.0,22.0,250.0,,,52.0,45.0,52.0,46.0,77.0,,,1015.0,,,0.04
196,5.9,16.0,28.0,10.0,22.0,250.0,,,52.0,45.0,52.0,46.0,77.0,,,1015.0,,,0.04
197,5.9,16.0,28.0,10.0,22.0,250.0,,,52.0,45.0,52.0,46.0,77.0,,,1015.0,,,0.04
198,6.9,17.0,29.0,10.0,250.0,,,,51.1,43.0,,,74.0,,,1016.3,,,
199,6.9,17.0,29.0,10.0,250.0,,,,51.1,43.0,,,74.0,,,1016.3,,,
200,6.9,17.0,29.0,10.0,250.0,,,,51.1,43.0,,,74.0,,,1016.3,,,
201,6.9,17.0,29.0,10.0,250.0,,,,51.1,43.0,,,74.0,,,1016.3,,,
202,6.9,17.0,29.0,10.0,250.0,,,,51.1,43.0,,,74.0,,,1016.3,,,
203,6.9,17.0,29.0,10.0,250.0,,,,51.1,43.0,,,74.0,,,1016.3,,,
204,7.9,9.0,,10.0,250.0,,,,48.9,41.0,,,74.0,45.0,,1017.0,,,
205,7.9,9.0,,10.0,250.0,,,,48.9,41.0,,,74.0,45.0,,1017.0,,,
206,7.9,9.0,,10.0,250.0,,,,48.9,41.0,,,74.0,45.0,,1017.0,,,
207,7.9,9.0,,10.0,250.0,,,,48.9,41.0,,,74.0,45.0,,1017.0,,,
208,7.9,9.0,,10.0,250.0,,,,48.9,41.0,,,74.0,45.0,,1017.0,,,
209,7.9,9.0,,10.0,250.0,,,,48.9,41.0,,,74.0,45.0,,1017.0,,,
210,8.9,10.0,21.0,10.0,250.0,,,,48.0,39.9,,,74.0,44.0,,1018.3,,,
211,8.9,10.0,21.0,10.0,250.0,,,,48.0,39.9,,,74.0,44.0,,1018.3,,,
212,8.9,10.0,21.0,10.0,250.0,,,,48.0,39.9,,,74.0,44.0,,1018.3,,,
213,8.9,10.0,21.0,10.0,250.0,,,,48.0,39.9,,,74.0,44.0,,1018.3,,,
214,8.9,10.0,21.0,10.0,250.0,,,,48.0,39.9,,,74.0,44.0,,1018.3,,,
215,8.9,10.0,21.0,10.0,250.0,,,,48.0,39.9,,,74.0,44.0,,1018.3,,,
216,22.9,6.0,,10.0,80.0,95.0,,,39.9,30.9,,,70.0,36.0,,1020.0,,,
217,22.9,6.0,,10.0,80.0,95.0,,,39.9,30.9,,,70.0,36.0,,1020.0,,,
218,22.9,6.0,,10.0,80.0,95.0,,,39.9,30.9,,,70.0,36.0,,1020.0,,,
219,22.9,6.0,,10.0,80.0,95.0,,,39.9,30.9,,,70.0,36.0,,1020.0,,,
220,22.9,6.0,,10.0,80.0,95.0,,,39.9,30.9,,,70.0,36.0,,1020.0,,,
221,22.9,6.0,,10.0,80.0,95.0,,,39.9,30.9,,,70.0,36.0,,1020.0,,,
222,23.9,6.0,,10.0,55.0,75.0,,,39.0,35.1,45.0,39.0,86.0,35.0,,1019.2,,,
223,23.9,6.0,,10.0,55.0,75.0,,,39.0,35.1,45.0,39.0,86.0,35.0,,1019.2,,,
224,23.9,6.0,,10.0,55.0,75.0,,,39.0,35.1,45.0,39.0,86.0,35.0,,1019.2,,,
225,23.9,6.0,,10.0,55.0,75.0,,,39.0,35.1,45.0,39.0,86.0,35.0,,1019.2,,,
226,23.9,6.0,,10.0,55.0,75.0,,,39.0,35.1,45.0,39.0,86.0,35.0,,1019.2,,,
227,23.9,6.0,,10.0,55.0,75.0,,,39.0,35.1,45.0,39.0,86.0,35.0,,1019.2,,,
228,0.9,7.0,,8.0,44.0,,,,39.0,37.0,,,93.0,35.0,,1018.4,0.04,,
229,0.9,7.0,,8.0,44.0,,,,39.0,37.0,,,93.0,35.0,,1018.4,0.04,,
230,0.9,7.0,,8.0,44.0,,,,39.0,37.0,,,93.0,35.0,,1018.4,0.04,,
231,0.9,7.0,,8.0,44.0,,,,39.0,37.0,,,93.0,35.0,,1018.4,0.04,,
232,0.9,7.0,,8.0,44.0,,,,39.0,37.0,,,93.0,35.0,,1018.4,0.04,,
233,0.9,7.0,,8.0,44.0,,,,39.0,37.0,,,93.0,35.0,,1018.4,0.04,,
234,1.9,14.0,,7.0,31.0,,,,39.9,39.0,,,97.0,33.0,,1016.6,0.07,,
235,1.9,14.0,,7.0,31.0,,,,39.9,39.0,,,97.0,33.0,,1016.6,0.07,,
236,1.9,14.0,,7.0,31.0,,,,39.9,39.0,,,97.0,33.0,,1016.6,0.07,,
237,1.9,14.0,,7.0,31.0,,,,39.9,39.0,,,97.0,33.0,,1016.6,0.07,,
238,1.9,14.0,,7.0,31.0,,,,39.9,39.0,,,97.0,33.0,,1016.6,0.07,,
239,1.9,14.0,,7.0,31.0,,,,39.9,39.0,,,97.0,33.0,,1016.6,0.07,,
240,2.9,13.0,,10.0,16.0,,,,39.9,37.9,,,93.0,33.0,,1014.6,0.08,0.19,
241,2.9,13.0,,10.0,16.0,,,,39.9,37.9,,,93.0,33.0,,1014.6,0.08,0.19,
242,2.9,13.0,,10.0,16.0,,,,39.9,37.9,,,93.0,33.0,,1014.6,0.08,0.19,
243,2.9,13.0,,10.0,16.0,,,,39.9,37.9,,,93.0,33.0,,1014.6,0.08,0.19,
244,2.9,13.0,,10.0,16.0,,,,39.9,37.9,,,93.0,33.0,,1014.6,0.08,0.19,
245,2.9,13.0,,10.0,16.0,,,,39.9,37.9,,,93.0,33.0,,1014.6,0.08,0.19,
246,3.9,14.0,,3.0,9.0,13.0,,,39.9,39.0,,,97.0,33.0,,1012.9,0.05,,
247,3.9,14.0,,3.0,9.0,13.0,,,39.9,39.0,,,97.0,33.0,,1012.9,0.05,,
248,3.9,14.0,,3.0,9.0,13.0,,,39.9,39.0,,,97.0,33.0,,1012.9,0.05,,
249,3.9,14.0,,3.0,9.0,13.0,,,39.9,39.0,,,97.0,33.0,,1012.9,0.05,,
250,3.9,14.0,,3.0,9.0,13.0,,,39.9,39.0,,,97.0,33.0,,1012.9,0.05,,
251,3.9,14.0,,3.0,9.0,13.0,,,39.9,39.0,,,97.0,33.0,,1012.9,0.05,,
252,4.9,16.0,,4.0,5.0,13.0,,,39.9,39.0,,,97.0,32.0,,1010.6,0.08,,
253,4.9,16.0,,4.0,5.0,13.0,,,39.9,39.0,,,97.0,32.0,,1010.6,0.08,,
254,4.9,16.0,,4.0,5.0,13.0,,,39.9,39.0,,,97.0,32.0,,1010.6,0.08,,
255,4.9,16.0,,4.0,5.0,13.0,,,39.9,39.0,,,97.0,32.0,,1010.6,0.08,,
256,4.9,16.0,,4.0,5.0,13.0,,,39.9,39.0,,,97.0,32.0,,1010.6,0.08,,
257,4.9,16.0,,4.0,5.0,13.0,,,39.9,39.0,,,97.0,32.0,,1010.6,0.08,,
258,5.9,15.0,,5.0,4.0,,,,39.9,39.0,39.9,37.9,97.0,32.0,,1007.7,0.01,,0.33
259,5.9,15.0,,5.0,4.0,,,,39.9,39.0,39.9,37.9,97.0,32.0,,1007.7,0.01,,0.33
260,5.9,15.0,,5.0,4.0,,,,39.9,39.0,39.9,37.9,97.0,32.0,,1007.7,0.01,,0.33
261,5.9,15.0,,5.0,4.0,,,,39.9,39.0,39.9,37.9,97.0,32.0,,1007.7,0.01,,0.33
262,5.9,15.0,,5.0,4.0,,,,39.9,39.0,39.9,37.9,97.0,32.0,,1007.7,0.01,,0.33
263,5.9,15.0,,5.0,4.0,,,,39.9,39.0,39.9,37.9,97.0,32.0,,1007.7,0.01,,0.33
264,6.9,14.0,,2.5,3.0,,,,39.9,39.9,,,100.0,33.0,,1006.4,0.03,,
265,6.9,14.0,,2.5,3.0,,,,39.9,39.9,,,100.0,33.0,,1006.4,0.03,,
266,6.9,14.0,,2.5,3.0,,,,39.9,39.9,,,100.0,33.0,,1006.4,0.03,,
267,6.9,14.0,,2.5,3.0,,,,39.9,39.9,,,100.0,33.0,,1006.4,0.03,,
268,6.9,14.0,,2.5,3.0,,,,39.9,39.9,,,100.0,33.0,,1006.4,0.03,,
269,6.9,14.0,,2.5,3.0,,,,39.9,39.9,,,100.0,33.0,,1006.4,0.03,,
270,7.9,12.0,,2.5,3.0,,,,39.9,39.9,,,100.0,34.0,,1005.7,0.01,,
271,7.9,12.0,,2.5,3.0,,,,39.9,39.9,,,100.0,34.0,,1005.7,0.01,,
272,7.9,12.0,,2.5,3.0,,,,39.9,39.9,,,100.0,34.0,,1005.7,0.01,,
273,7.9,12.0,,2.5,3.0,,,,39.9,39.9,,,100.0,34.0,,1005.7,0.01,,
274,7.9,12.0,,2.5,3.0,,,,39.9,39.9,,,100.0,34.0,,1005.7,0.01,,
275,7.9,12.0,,2.5,3.0,,,,39.9,39.9,,,100.0,34.0,,1005.7,0.01,,
276,8.9,13.0,,3.0,5.0,,,,39.9,39.0,,,97.0,33.0,,1005.6,0.01,0.05,
277,8.9,13.0,,3.0,5.0,,,,39.9,39.0,,,97.0,33.0,,1005.6,0.01,0.05,
278,8.9,13.0,,3.0,5.0,,,,39.9,39.0,,,97.0,33.0,,1005.6,0.01,0.05,
279,8.9,13.0,,3.0,5.0,,,,39.9,39.0,,,97.0,33.0,,1005.6,0.01,0.05,
280,8.9,13.0,,3.0,5.0,,,,39.9,39.0,,,97.0,33.0,,1005.6,0.01,0.05,
281,8.9,13.0,,3.0,5.0,,,,39.9,39.0,,,97.0,33.0,,1005.6,0.01,0.05,
282,9.9,13.0,20.0,9.0,6.0,,,,39.9,39.0,,,97.0,33.0,,1005.4,0.01,,
283,9.9,13.0,20.0,9.0,6.0,,,,39.9,39.0,,,97.0,33.0,,1005.4,0.01,,
284,9.9,13.0,20.0,9.0,6.0,,,,39.9,39.0,,,97.0,33.0,,1005.4,0.01,,
285,9.9,13.0,20.0,9.0,6.0,,,,39.9,39.0,,,97.0,33.0,,1005.4,0.01,,
286,9.9,13.0,20.0,9.0,6.0,,,,39.9,39.0,,,97.0,33.0,,1005.4,0.01,,
287,9.9,13.0,20.0,9.0,6.0,,,,39.9,39.0,,,97.0,33.0,,1005.4,0.01,,
288,10.9,9.0,,10.0,6.0,,,,39.0,37.9,,,96.0,33.0,,1006.0,,,
289,10.9,9.0,,10.0,6.0,,,,39.0,37.9,,,96.0,33.0,,1006.0,,,
290,10.9,9.0,,10.0,6.0,,,,39.0,37.9,,,96.0,33.0,,1006.0,,,
291,10.9,9.0,,10.0,6.0,,,,39.0,37.9,,,96.0,33.0,,1006.0,,,
292,10.9,9.0,,10.0,6.0,,,,39.0,37.9,,,96.0,33.0,,1006.0,,,
293,10.9,9.0,,10.0,6.0,,,,39.0,37.9,,,96.0,33.0,,1006.0,,,
294,11.9,7.0,,10.0,6.0,,,,39.0,37.0,41.0,39.0,93.0,35.0,,1007.3,,,0.06
295,11.9,7.0,,10.0,6.0,,,,39.0,37.0,41.0,39.0,93.0,35.0,,1007.3,,,0.06
296,11.9,7.0,,10.0,6.0,,,,39.0,37.0,41.0,39.0,93.0,35.0,,1007.3,,,0.06
297,11.9,7.0,,10.0,6.0,,,,39.0,37.0,41.0,39.0,93.0,35.0,,1007.3,,,0.06
298,11.9,7.0,,10.0,6.0,,,,39.0,37.0,41.0,39.0,93.0,35.0,,1007.3,,,0.06
299,11.9,7.0,,10.0,6.0,,,,39.0,37.0,41.0,39.0,93.0,35.0,,1007.3,,,0.06
300,12.9,10.0,,10.0,6.0,,,,39.0,37.0,,,93.0,33.0,,1007.9,,,
301,12.9,10.0,,10.0,6.0,,,,39.0,37.0,,,93.0,33.0,,1007.9,,,
302,12.9,10.0,,10.0,6.0,,,,39.0,37.0,,,93.0,33.0,,1007.9,,,
303,12.9,10.0,,10.0,6.0,,,,39.0,37.0,,,93.0,33.0,,1007.9,,,
304,12.9,10.0,,10.0,6.0,,,,39.0,37.0,,,93.0,33.0,,1007.9,,,
305,12.9,10.0,,10.0,6.0,,,,39.0,37.0,,,93.0,33.0,,1007.9,,,
306,13.9,9.0,,10.0,6.0,,,,37.9,36.0,,,93.0,32.0,,1007.5,,,
307,13.9,9.0,,10.0,6.0,,,,37.9,36.0,,,93.0,32.0,,1007.5,,,
308,13.9,9.0,,10.0,6.0,,,,37.9,36.0,,,93.0,32.0,,1007.5,,,
309,13.9,9.0,,10.0,6.0,,,,37.9,36.0,,,93.0,32.0,,1007.5,,,
310,13.9,9.0,,10.0,6.0,,,,37.9,36.0,,,93.0,32.0,,1007.5,,,
311,13.9,9.0,,10.0,6.0,,,,37.9,36.0,,,93.0,32.0,,1007.5,,,
312,14.9,7.0,,10.0,6.0,,,,37.9,36.0,,,93.0,33.0,,1007.0,,,
313,14.9,7.0,,10.0,6.0,,,,37.9,36.0,,,93.0,33.0,,1007.0,,,
314,14.9,7.0,,10.0,6.0,,,,37.9,36.0,,,93.0,33.0,,1007.0,,,
315,14.9,7.0,,10.0,6.0,,,,37.9,36.0,,,93.0,33.0,,1007.0,,,
316,14.9,7.0,,10.0,6.0,,,,37.9,36.0,,,93.0,33.0,,1007.0,,,
317,14.9,7.0,,10.0,6.0,,,,37.9,36.0,,,93.0,33.0,,1007.0,,,
318,15.9,8.0,,10.0,8.0,,,,37.9,36.0,,,93.0,33.0,,1005.8,,,
319,15.9,8.0,,10.0,8.0,,,,37.9,36.0,,,93.0,33.0,,1005.8,,,
320,15.9,8.0,,10.0,8.0,,,,37.9,36.0,,,93.0,33.0,,1005.8,,,
321,15.9,8.0,,10.0,8.0,,,,37.9,36.0,,,93.0,33.0,,1005.8,,,
322,15.9,8.0,,10.0,8.0,,,,37.9,36.0,,,93.0,33.0,,1005.8,,,
323,15.9,8.0,,10.0,8.0,,,,37.9,36.0,,,93.0,33.0,,1005.8,,,
324,16.9,8.0,,10.0,8.0,10.0,65.0,,39.9,36.0,,,86.0,35.0,,1004.5,,,
325,16.9,8.0,,10.0,8.0,10.0,65.0,,39.9,36.0,,,86.0,35.0,,1004.5,,,
326,16.9,8.0,,10.0,8.0,10.0,65.0,,39.9,36.0,,,86.0,35.0,,1004.5,,,
327,16.9,8.0,,10.0,8.0,10.0,65.0,,39.9,36.0,,,86.0,35.0,,1004.5,,,
328,16.9,8.0,,10.0,8.0,10.0,65.0,,39.9,36.0,,,86.0,35.0,,1004.5,,,
329,16.9,8.0,,10.0,8.0,10.0,65.0,,39.9,36.0,,,86.0,35.0,,1004.5,,,
330,17.9,3.0,,10.0,10.0,24.0,250.0,,39.9,36.0,39.9,37.9,86.0,,,1004.1,,,
331,17.9,3.0,,10.0,10.0,24.0,250.0,,39.9,36.0,39.9,37.9,86.0,,,1004.1,,,
332,17.9,3.0,,10.0,10.0,24.0,250.0,,39.9,36.0,39.9,37.9,86.0,,,1004.1,,,
333,17.9,3.0,,10.0,10.0,24.0,250.0,,39.9,36.0,39.9,37.9,86.0,,,1004.1,,,
334,17.9,3.0,,10.0,10.0,24.0,250.0,,39.9,36.0,39.9,37.9,86.0,,,1004.1,,,
335,17.9,3.0,,10.0,10.0,24.0,250.0,,39.9,36.0,39.9,37.9,86.0,,,1004.1,,,
336,18.9,3.0,,10.0,21.0,28.0,110.0,,42.1,36.0,,,79.0,,,1004.3,,,
337,18.9,3.0,,10.0,21.0,28.0,110.0,,42.1,36.0,,,79.0,,,1004.3,,,
338,18.9,3.0,,10.0,21.0,28.0,110.0,,42.1,36.0,,,79.0,,,1004.3,,,
339,18.9,3.0,,10.0,21.0,28.0,110.0,,42.1,36.0,,,79.0,,,1004.3,,,
340,18.9,3.0,,10.0,21.0,28.0,110.0,,42.1,36.0,,,79.0,,,1004.3,,,
341,18.9,3.0,,10.0,21.0,28.0,110.0,,42.1,36.0,,,79.0,,,1004.3,,,
342,19.9,9.0,,10.0,20.0,35.0,120.0,250.0,44.1,32.0,,,63.0,40.0,,1003.7,,,
343,19.9,9.0,,10.0,20.0,35.0,120.0,250.0,44.1,32.0,,,63.0,40.0,,1003.7,,,
344,19.9,9.0,,10.0,20.0,35.0,120.0,250.0,44.1,32.0,,,63.0,40.0,,1003.7,,,
345,19.9,9.0,,10.0,20.0,35.0,120.0,250.0,44.1,32.0,,,63.0,40.0,,1003.7,,,
346,19.9,9.0,,10.0,20.0,35.0,120.0,250.0,44.1,32.0,,,63.0,40.0,,1003.7,,,
347,19.9,9.0,,10.0,20.0,35.0,120.0,250.0,44.1,32.0,,,63.0,40.0,,1003.7,,,
348,23.9,15.0,25.0,10.0,30.0,100.0,140.0,,39.0,19.9,44.1,39.0,46.0,31.0,,1004.5,,,
349,23.9,15.0,25.0,10.0,30.0,100.0,140.0,,39.0,19.9,44.1,39.0,46.0,31.0,,1004.5,,,
350,23.9,15.0,25.0,10.0,30.0,100.0,140.0,,39.0,19.9,44.1,39.0,46.0,31.0,,1004.5,,,
351,23.9,15.0,25.0,10.0,30.0,100.0,140.0,,39.0,19.9,44.1,39.0,46.0,31.0,,1004.5,,,
352,23.9,15.0,25.0,10.0,30.0,100.0,140.0,,39.0,19.9,44.1,39.0,46.0,31.0,,1004.5,,,
353,23.9,15.0,25.0,10.0,30.0,100.0,140.0,,39.0,19.9,44.1,39.0,46.0,31.0,,1004.5,,,
354,0.9,13.0,26.0,10.0,30.0,110.0,140.0,,37.9,19.9,,,48.0,31.0,,1005.2,,,
355,0.9,13.0,26.0,10.0,30.0,110.0,140.0,,37.9,19.9,,,48.0,31.0,,1005.2,,,
356,0.9,13.0,26.0,10.0,30.0,110.0,140.0,,37.9,19.9,,,48.0,31.0,,1005.2,,,
357,0.9,13.0,26.0,10.0,30.0,110.0,140.0,,37.9,19.9,,,48.0,31.0,,1005.2,,,
358,0.9,13.0,26.0,10.0,30.0,110.0,140.0,,37.9,19.9,,,48.0,31.0,,1005.2,,,
359,0.9,13.0,26.0,10.0,30.0,110.0,140.0,,37.9,19.9,,,48.0,31.0,,1005.2,,,
360,1.9,17.0,38.0,10.0,130.0,,,,36.0,19.9,,,52.0,27.0,,1005.6,,,
361,1.9,17.0,38.0,10.0,130.0,,,,36.0,19.9,,,52.0,27.0,,1005.6,,,
362,1.9,17.0,38.0,10.0,130.0,,,,36.0,19.9,,,52.0,27.0,,1005.6,,,
363,1.9,17.0,38.0,10.0,130.0,,,,36.0,19.9,,,52.0,27.0,,1005.6,,,
364,1.9,17.0,38.0,10.0,130.0,,,,36.0,19.9,,,52.0,27.0,,1005.6,,,
365,1.9,17.0,38.0,10.0,130.0,,,,36.0,19.9,,,52.0,27.0,,1005.6,,,
366,2.9,23.0,36.0,10.0,130.0,,,,35.1,19.9,,,54.0,24.0,,1006.4,,,
367,2.9,23.0,36.0,10.0,130.0,,,,35.1,19.9,,,54.0,24.0,,1006.4,,,
368,2.9,23.0,36.0,10.0,130.0,,,,35.1,19.9,,,54.0,24.0,,1006.4,,,
369,2.9,23.0,36.0,10.0,130.0,,,,35.1,19.9,,,54.0,24.0,,1006.4,,,
370,2.9,23.0,36.0,10.0,130.0,,,,35.1,19.9,,,54.0,24.0,,1006.4,,,
371,2.9,23.0,36.0,10.0,130.0,,,,35.1,19.9,,,54.0,24.0,,1006.4,,,
372,3.9,14.0,26.0,10.0,130.0,250.0,,,35.1,18.0,,,50.0,27.0,,1006.6,,,
373,3.9,14.0,26.0,10.0,130.0,250.0,,,35.1,18.0,,,50.0,27.0,,1006.6,,,
374,3.9,14.0,26.0,10.0,130.0,250.0,,,35.1,18.0,,,50.0,27.0,,1006.6,,,
375,3.9,14.0,26.0,10.0,130.0,250.0,,,35.1,18.0,,,50.0,27.0,,1006.6,,,
376,3.9,14.0,26.0,10.0,130.0,250.0,,,35.1,18.0,,,50.0,27.0,,1006.6,,,
377,3.9,14.0,26.0,10.0,130.0,250.0,,,35.1,18.0,,,50.0,27.0,,1006.6,,,
378,4.9,22.0,36.0,10.0,130.0,250.0,,,34.0,17.1,,,50.0,23.0,,1006.6,,,
379,4.9,22.0,36.0,10.0,130.0,250.0,,,34.0,17.1,,,50.0,23.0,,1006.6,,,
380,4.9,22.0,36.0,10.0,130.0,250.0,,,34.0,17.1,,,50.0,23.0,,1006.6,,,
381,4.9,22.0,36.0,10.0,130.0,250.0,,,34.0,17.1,,,50.0,23.0,,1006.6,,,
382,4.9,22.0,36.0,10.0,130.0,250.0,,,34.0,17.1,,,50.0,23.0,,1006.6,,,
383,4.9,22.0,36.0,10.0,130.0,250.0,,,34.0,17.1,,,50.0,23.0,,1006.6,,,
384,6.9,24.0,37.0,10.0,,,,,30.9,14.0,,,49.0,18.0,,1008.6,,,
385,6.9,24.0,37.0,10.0,,,,,30.9,14.0,,,49.0,18.0,,1008.6,,,
386,6.9,24.0,37.0,10.0,,,,,30.9,14.0,,,49.0,18.0,,1008.6,,,
387,6.9,24.0,37.0,10.0,,,,,30.9,14.0,,,49.0,18.0,,1008.6,,,
388,6.9,24.0,37.0,10.0,,,,,30.9,14.0,,,49.0,18.0,,1008.6,,,
389,6.9,24.0,37.0,10.0,,,,,30.9,14.0,,,49.0,18.0,,1008.6,,,
390,7.9,22.0,36.0,10.0,250.0,,,,30.0,14.0,,,51.0,18.0,,1009.7,,,
391,7.9,22.0,36.0,10.0,250.0,,,,30.0,14.0,,,51.0,18.0,,1009.7,,,
392,7.9,22.0,36.0,10.0,250.0,,,,30.0,14.0,,,51.0,18.0,,1009.7,,,
393,7.9,22.0,36.0,10.0,250.0,,,,30.0,14.0,,,51.0,18.0,,1009.7,,,
394,7.9,22.0,36.0,10.0,250.0,,,,30.0,14.0,,,51.0,18.0,,1009.7,,,
395,7.9,22.0,36.0,10.0,250.0,,,,30.0,14.0,,,51.0,18.0,,1009.7,,,
396,8.9,22.0,38.0,10.0,250.0,,,,30.0,14.0,,,51.0,18.0,,1010.7,,,
397,8.9,22.0,38.0,10.0,250.0,,,,30.0,14.0,,,51.0,18.0,,1010.7,,,
398,8.9,22.0,38.0,10.0,250.0,,,,30.0,14.0,,,51.0,18.0,,1010.7,,,
399,8.9,22.0,38.0,10.0,250.0,,,,30.0,14.0,,,51.0,18.0,,1010.7,,,
400,8.9,22.0,38.0,10.0,250.0,,,,30.0,14.0,,,51.0,18.0,,1010.7,,,
401,8.9,22.0,38.0,10.0,250.0,,,,30.0,14.0,,,51.0,18.0,,1010.7,,,
402,9.9,18.0,29.0,10.0,250.0,,,,28.9,12.9,,,51.0,17.0,,1012.3,,,
403,9.9,18.0,29.0,10.0,250.0,,,,28.9,12.9,,,51.0,17.0,,1012.3,,,
404,9.9,18.0,29.0,10.0,250.0,,,,28.9,12.9,,,51.0,17.0,,1012.3,,,
405,9.9,18.0,29.0,10.0,250.0,,,,28.9,12.9,,,51.0,17.0,,1012.3,,,
406,9.9,18.0,29.0,10.0,250.0,,,,28.9,12.9,,,51.0,17.0,,1012.3,,,
407,9.9,18.0,29.0,10.0,250.0,,,,28.9,12.9,,,51.0,17.0,,1012.3,,,
408,10.9,16.0,29.0,10.0,250.0,,,,28.0,12.9,,,53.0,17.0,,1013.3,,,
409,10.9,16.0,29.0,10.0,250.0,,,,28.0,12.9,,,53.0,17.0,,1013.3,,,
410,10.9,16.0,29.0,10.0,250.0,,,,28.0,12.9,,,53.0,17.0,,1013.3,,,
411,10.9,16.0,29.0,10.0,250.0,,,,28.0,12.9,,,53.0,17.0,,1013.3,,,
412,10.9,16.0,29.0,10.0,250.0,,,,28.0,12.9,,,53.0,17.0,,1013.3,,,
413,10.9,16.0,29.0,10.0,250.0,,,,28.0,12.9,,,53.0,17.0,,1013.3,,,
414,11.9,12.0,22.0,10.0,25.0,250.0,,,28.0,12.9,33.1,28.0,53.0,19.0,,1014.7,,,
415,11.9,12.0,22.0,10.0,25.0,250.0,,,28.0,12.9,33.1,28.0,53.0,19.0,,1014.7,,,
416,11.9,12.0,22.0,10.0,25.0,250.0,,,28.0,12.9,33.1,28.0,53.0,19.0,,1014.7,,,
417,11.9,12.0,22.0,10.0,25.0,250.0,,,28.0,12.9,33.1,28.0,53.0,19.0,,1014.7,,,
418,11.9,12.0,22.0,10.0,25.0,250.0,,,28.0,12.9,33.1,28.0,53.0,19.0,,1014.7,,,
419,11.9,12.0,22.0,10.0,25.0,250.0,,,28.0,12.9,33.1,28.0,53.0,19.0,,1014.7,,,
420,12.9,13.0,25.0,10.0,25.0,220.0,,,28.9,10.9,,,47.0,19.0,,1015.9,,,
421,12.9,13.0,25.0,10.0,25.0,220.0,,,28.9,10.9,,,47.0,19.0,,1015.9,,,
422,12.9,13.0,25.0,10.0,25.0,220.0,,,28.9,10.9,,,47.0,19.0,,1015.9,,,
423,12.9,13.0,25.0,10.0,25.0,220.0,,,28.9,10.9,,,47.0,19.0,,1015.9,,,
424,12.9,13.0,25.0,10.0,25.0,220.0,,,28.9,10.9,,,47.0,19.0,,1015.9,,,
425,12.9,13.0,25.0,10.0,25.0,220.0,,,28.9,10.9,,,47.0,19.0,,1015.9,,,
426,13.9,13.0,25.0,10.0,180.0,220.0,,,30.9,10.9,,,43.0,22.0,,1017.0,,,
427,13.9,13.0,25.0,10.0,180.0,220.0,,,30.9,10.9,,,43.0,22.0,,1017.0,,,
428,13.9,13.0,25.0,10.0,180.0,220.0,,,30.9,10.9,,,43.0,22.0,,1017.0,,,
429,13.9,13.0,25.0,10.0,180.0,220.0,,,30.9,10.9,,,43.0,22.0,,1017.0,,,
430,13.9,13.0,25.0,10.0,180.0,220.0,,,30.9,10.9,,,43.0,22.0,,1017.0,,,
431,13.9,13.0,25.0,10.0,180.0,220.0,,,30.9,10.9,,,43.0,22.0,,1017.0,,,
432,14.9,17.0,29.0,10.0,30.0,180.0,250.0,,30.9,12.0,,,45.0,20.0,,1017.7,,,
433,14.9,17.0,29.0,10.0,30.0,180.0,250.0,,30.9,12.0,,,45.0,20.0,,1017.7,,,
434,14.9,17.0,29.0,10.0,30.0,180.0,250.0,,30.9,12.0,,,45.0,20.0,,1017.7,,,
435,14.9,17.0,29.0,10.0,30.0,180.0,250.0,,30.9,12.0,,,45.0,20.0,,1017.7,,,
436,14.9,17.0,29.0,10.0,30.0,180.0,250.0,,30.9,12.0,,,45.0,20.0,,1017.7,,,
437,14.9,17.0,29.0,10.0,30.0,180.0,250.0,,30.9,12.0,,,45.0,20.0,,1017.7,,,
438,15.9,15.0,31.0,10.0,30.0,180.0,250.0,,33.1,14.0,,,45.0,24.0,,1017.6,,,
439,15.9,15.0,31.0,10.0,30.0,180.0,250.0,,33.1,14.0,,,45.0,24.0,,1017.6,,,
440,15.9,15.0,31.0,10.0,30.0,180.0,250.0,,33.1,14.0,,,45.0,24.0,,1017.6,,,
441,15.9,15.0,31.0,10.0,30.0,180.0,250.0,,33.1,14.0,,,45.0,24.0,,1017.6,,,
442,15.9,15.0,31.0,10.0,30.0,180.0,250.0,,33.1,14.0,,,45.0,24.0,,1017.6,,,
443,15.9,15.0,31.0,10.0,30.0,180.0,250.0,,33.1,14.0,,,45.0,24.0,,1017.6,,,
444,16.9,14.0,28.0,10.0,30.0,160.0,250.0,,35.1,16.0,,,46.0,27.0,,1016.6,,,
445,16.9,14.0,28.0,10.0,30.0,160.0,250.0,,35.1,16.0,,,46.0,27.0,,1016.6,,,
446,16.9,14.0,28.0,10.0,30.0,160.0,250.0,,35.1,16.0,,,46.0,27.0,,1016.6,,,
447,16.9,14.0,28.0,10.0,30.0,160.0,250.0,,35.1,16.0,,,46.0,27.0,,1016.6,,,
448,16.9,14.0,28.0,10.0,30.0,160.0,250.0,,35.1,16.0,,,46.0,27.0,,1016.6,,,
449,16.9,14.0,28.0,10.0,30.0,160.0,250.0,,35.1,16.0,,,46.0,27.0,,1016.6,,,
450,17.9,21.0,28.0,10.0,30.0,160.0,250.0,,36.0,17.1,36.0,28.0,46.0,26.0,,1015.9,,,
451,17.9,21.0,28.0,10.0,30.0,160.0,250.0,,36.0,17.1,36.0,28.0,46.0,26.0,,1015.9,,,
452,17.9,21.0,28.0,10.0,30.0,160.0,250.0,,36.0,17.1,36.0,28.0,46.0,26.0,,1015.9,,,
453,17.9,21.0,28.0,10.0,30.0,160.0,250.0,,36.0,17.1,36.0,28.0,46.0,26.0,,1015.9,,,
454,17.9,21.0,28.0,10.0,30.0,160.0,250.0,,36.0,17.1,36.0,28.0,46.0,26.0,,1015.9,,,
455,17.9,21.0,28.0,10.0,30.0,160.0,250.0,,36.0,17.1,36.0,28.0,46.0,26.0,,1015.9,,,
456,18.9,16.0,25.0,10.0,30.0,150.0,250.0,,37.9,18.0,,,44.0,30.0,,1016.1,,,
457,18.9,16.0,25.0,10.0,30.0,150.0,250.0,,37.9,18.0,,,44.0,30.0,,1016.1,,,
458,18.9,16.0,25.0,10.0,30.0,150.0,250.0,,37.9,18.0,,,44.0,30.0,,1016.1,,,
459,18.9,16.0,25.0,10.0,30.0,150.0,250.0,,37.9,18.0,,,44.0,30.0,,1016.1,,,
460,18.9,16.0,25.0,10.0,30.0,150.0,250.0,,37.9,18.0,,,44.0,30.0,,1016.1,,,
461,18.9,16.0,25.0,10.0,30.0,150.0,250.0,,37.9,18.0,,,44.0,30.0,,1016.1,,,
462,19.9,13.0,23.0,10.0,45.0,150.0,,,37.9,19.0,,,46.0,31.0,,1016.6,,,
463,19.9,13.0,23.0,10.0,45.0,150.0,,,37.9,19.0,,,46.0,31.0,,1016.6,,,
464,19.9,13.0,23.0,10.0,45.0,150.0,,,37.9,19.0,,,46.0,31.0,,1016.6,,,
465,19.9,13.0,23.0,10.0,45.0,150.0,,,37.9,19.0,,,46.0,31.0,,1016.6,,,
466,19.9,13.0,23.0,10.0,45.0,150.0,,,37.9,19.0,,,46.0,31.0,,1016.6,,,
467,19.9,13.0,23.0,10.0,45.0,150.0,,,37.9,19.0,,,46.0,31.0,,1016.6,,,
468,20.9,12.0,21.0,10.0,45.0,150.0,,,37.9,19.0,,,46.0,31.0,,1016.8,,,
469,20.9,12.0,21.0,10.0,45.0,150.0,,,37.9,19.0,,,46.0,31.0,,1016.8,,,
470,20.9,12.0,21.0,10.0,45.0,150.0,,,37.9,19.0,,,46.0,31.0,,1016.8,,,
471,20.9,12.0,21.0,10.0,45.0,150.0,,,37.9,19.0,,,46.0,31.0,,1016.8,,,
472,20.9,12.0,21.0,10.0,45.0,150.0,,,37.9,19.0,,,46.0,31.0,,1016.8,,,
473,20.9,12.0,21.0,10.0,45.0,150.0,,,37.9,19.0,,,46.0,31.0,,1016.8,,,
474,21.9,9.0,,10.0,40.0,150.0,,,37.9,19.0,,,46.0,32.0,,1016.9,,,
475,21.9,9.0,,10.0,40.0,150.0,,,37.9,19.0,,,46.0,32.0,,1016.9,,,
476,21.9,9.0,,10.0,40.0,150.0,,,37.9,19.0,,,46.0,32.0,,1016.9,,,
477,21.9,9.0,,10.0,40.0,150.0,,,37.9,19.0,,,46.0,32.0,,1016.9,,,
478,21.9,9.0,,10.0,40.0,150.0,,,37.9,19.0,,,46.0,32.0,,1016.9,,,
479,21.9,9.0,,10.0,40.0,150.0,,,37.9,19.0,,,46.0,32.0,,1016.9,,,
480,22.9,,,10.0,45.0,,,,37.9,19.0,,,46.0,,,1017.2,,,
481,22.9,,,10.0,45.0,,,,37.9,19.0,,,46.0,,,1017.2,,,
482,22.9,,,10.0,45.0,,,,37.9,19.0,,,46.0,,,1017.2,,,
483,22.9,,,10.0,45.0,,,,37.9,19.0,,,46.0,,,1017.2,,,
484,22.9,,,10.0,45.0,,,,37.9,19.0,,,46.0,,,1017.2,,,
485,22.9,,,10.0,45.0,,,,37.9,19.0,,,46.0,,,1017.2,,,
486,23.9,6.0,,10.0,45.0,150.0,,,36.0,19.9,39.0,33.1,52.0,32.0,,1017.6,,,
487,23.9,6.0,,10.0,45.0,150.0,,,36.0,19.9,39.0,33.1,52.0,32.0,,1017.6,,,
488,23.9,6.0,,10.0,45.0,150.0,,,36.0,19.9,39.0,33.1,52.0,32.0,,1017.6,,,
489,23.9,6.0,,10.0,45.0,150.0,,,36.0,19.9,39.0,33.1,52.0,32.0,,1017.6,,,
490,23.9,6.0,,10.0,45.0,150.0,,,36.0,19.9,39.0,33.1,52.0,32.0,,1017.6,,,
491,23.9,6.0,,10.0,45.0,150.0,,,36.0,19.9,39.0,33.1,52.0,32.0,,1017.6,,,
492,0.9,8.0,,10.0,150.0,,,,34.0,21.0,,,59.0,28.0,,1017.6,,,
493,0.9,8.0,,10.0,150.0,,,,34.0,21.0,,,59.0,28.0,,1017.6,,,
494,0.9,8.0,,10.0,150.0,,,,34.0,21.0,,,59.0,28.0,,1017.6,,,
495,0.9,8.0,,10.0,150.0,,,,34.0,21.0,,,59.0,28.0,,1017.6,,,
496,0.9,8.0,,10.0,150.0,,,,34.0,21.0,,,59.0,28.0,,1017.6,,,
497,0.9,8.0,,10.0,150.0,,,,34.0,21.0,,,59.0,28.0,,1017.6,,,
498,1.9,8.0,,10.0,150.0,,,,33.1,21.0,,,61.0,27.0,,1017.4,,,
499,1.9,8.0,,10.0,150.0,,,,33.1,21.0,,,61.0,27.0,,1017.4,,,
500,1.9,8.0,,10.0,150.0,,,,33.1,21.0,,,61.0,27.0,,1017.4,,,
501,1.9,8.0,,10.0,150.0,,,,33.1,21.0,,,61.0,27.0,,1017.4,,,
502,1.9,8.0,,10.0,150.0,,,,33.1,21.0,,,61.0,27.0,,1017.4,,,
503,1.9,8.0,,10.0,150.0,,,,33.1,21.0,,,61.0,27.0,,1017.4,,,
504,2.9,9.0,,10.0,50.0,110.0,,,33.1,21.0,,,61.0,26.0,,1017.3,,,
505,2.9,9.0,,10.0,50.0,110.0,,,33.1,21.0,,,61.0,26.0,,1017.3,,,
506,2.9,9.0,,10.0,50.0,110.0,,,33.1,21.0,,,61.0,26.0,,1017.3,,,
507,2.9,9.0,,10.0,50.0,110.0,,,33.1,21.0,,,61.0,26.0,,1017.3,,,
508,2.9,9.0,,10.0,50.0,110.0,,,33.1,21.0,,,61.0,26.0,,1017.3,,,
509,2.9,9.0,,10.0,50.0,110.0,,,33.1,21.0,,,61.0,26.0,,1017.3,,,
510,3.9,12.0,,10.0,60.0,,,,33.1,21.0,,,61.0,25.0,,1017.3,,,
511,3.9,12.0,,10.0,60.0,,,,33.1,21.0,,,61.0,25.0,,1017.3,,,
512,3.9,12.0,,10.0,60.0,,,,33.1,21.0,,,61.0,25.0,,1017.3,,,
513,3.9,12.0,,10.0,60.0,,,,33.1,21.0,,,61.0,25.0,,1017.3,,,
514,3.9,12.0,,10.0,60.0,,,,33.1,21.0,,,61.0,25.0,,1017.3,,,
515,3.9,12.0,,10.0,60.0,,,,33.1,21.0,,,61.0,25.0,,1017.3,,,
516,4.9,9.0,,10.0,55.0,,,,34.0,21.0,,,59.0,27.0,,1016.9,,,
517,4.9,9.0,,10.0,55.0,,,,34.0,21.0,,,59.0,27.0,,1016.9,,,
518,4.9,9.0,,10.0,55.0,,,,34.0,21.0,,,59.0,27.0,,1016.9,,,
519,4.9,9.0,,10.0,55.0,,,,34.0,21.0,,,59.0,27.0,,1016.9,,,
520,4.9,9.0,,10.0,55.0,,,,34.0,21.0,,,59.0,27.0,,1016.9,,,
521,4.9,9.0,,10.0,55.0,,,,34.0,21.0,,,59.0,27.0,,1016.9,,,
522,5.9,15.0,,10.0,50.0,,,,35.1,21.0,36.0,32.0,57.0,26.0,,1016.6,,,
523,5.9,15.0,,10.0,50.0,,,,35.1,21.0,36.0,32.0,57.0,26.0,,1016.6,,,
524,5.9,15.0,,10.0,50.0,,,,35.1,21.0,36.0,32.0,57.0,26.0,,1016.6,,,
525,5.9,15.0,,10.0,50.0,,,,35.1,21.0,36.0,32.0,57.0,26.0,,1016.6,,,
526,5.9,15.0,,10.0,50.0,,,,35.1,21.0,36.0,32.0,57.0,26.0,,1016.6,,,
527,5.9,15.0,,10.0,50.0,,,,35.1,21.0,36.0,32.0,57.0,26.0,,1016.6,,,
528,6.9,13.0,,10.0,50.0,180.0,,,35.1,21.0,,,57.0,27.0,,1016.6,,,
529,6.9,13.0,,10.0,50.0,180.0,,,35.1,21.0,,,57.0,27.0,,1016.6,,,
530,6.9,13.0,,10.0,50.0,180.0,,,35.1,21.0,,,57.0,27.0,,1016.6,,,
531,6.9,13.0,,10.0,50.0,180.0,,,35.1,21.0,,,57.0,27.0,,1016.6,,,
532,6.9,13.0,,10.0,50.0,180.0,,,35.1,21.0,,,57.0,27.0,,1016.6,,,
533,6.9,13.0,,10.0,50.0,180.0,,,35.1,21.0,,,57.0,27.0,,1016.6,,,
534,7.9,9.0,,10.0,45.0,180.0,,,34.0,21.0,,,59.0,27.0,,1016.7,,,
535,7.9,9.0,,10.0,45.0,180.0,,,34.0,21.0,,,59.0,27.0,,1016.7,,,
536,7.9,9.0,,10.0,45.0,180.0,,,34.0,21.0,,,59.0,27.0,,1016.7,,,
537,7.9,9.0,,10.0,45.0,180.0,,,34.0,21.0,,,59.0,27.0,,1016.7,,,
538,7.9,9.0,,10.0,45.0,180.0,,,34.0,21.0,,,59.0,27.0,,1016.7,,,
539,7.9,9.0,,10.0,45.0,180.0,,,34.0,21.0,,,59.0,27.0,,1016.7,,,
540,8.9,12.0,,10.0,47.0,,,,34.0,21.0,,,59.0,26.0,,1016.4,,,
541,8.9,12.0,,10.0,47.0,,,,34.0,21.0,,,59.0,26.0,,1016.4,,,
542,8.9,12.0,,10.0,47.0,,,,34.0,21.0,,,59.0,26.0,,1016.4,,,
543,8.9,12.0,,10.0,47.0,,,,34.0,21.0,,,59.0,26.0,,1016.4,,,
544,8.9,12.0,,10.0,47.0,,,,34.0,21.0,,,59.0,26.0,,1016.4,,,
545,8.9,12.0,,10.0,47.0,,,,34.0,21.0,,,59.0,26.0,,1016.4,,,
546,9.9,9.0,,10.0,45.0,120.0,,,33.1,21.0,,,61.0,26.0,,1016.2,,,
547,9.9,9.0,,10.0,45.0,120.0,,,33.1,21.0,,,61.0,26.0,,1016.2,,,
548,9.9,9.0,,10.0,45.0,120.0,,,33.1,21.0,,,61.0,26.0,,1016.2,,,
549,9.9,9.0,,10.0,45.0,120.0,,,33.1,21.0,,,61.0,26.0,,1016.2,,,
550,9.9,9.0,,10.0,45.0,120.0,,,33.1,21.0,,,61.0,26.0,,1016.2,,,
551,9.9,9.0,,10.0,45.0,120.0,,,33.1,21.0,,,61.0,26.0,,1016.2,,,
552,10.9,10.0,,10.0,45.0,100.0,,,33.1,21.0,,,61.0,26.0,,1016.7,,,
553,10.9,10.0,,10.0,45.0,100.0,,,33.1,21.0,,,61.0,26.0,,1016.7,,,
554,10.9,10.0,,10.0,45.0,100.0,,,33.1,21.0,,,61.0,26.0,,1016.7,,,
555,10.9,10.0,,10.0,45.0,100.0,,,33.1,21.0,,,61.0,26.0,,1016.7,,,
556,10.9,10.0,,10.0,45.0,100.0,,,33.1,21.0,,,61.0,26.0,,1016.7,,,
557,10.9,10.0,,10.0,45.0,100.0,,,33.1,21.0,,,61.0,26.0,,1016.7,,,
558,11.9,10.0,,10.0,45.0,110.0,,,33.1,21.0,36.0,32.0,61.0,26.0,,1016.8,,,
559,11.9,10.0,,10.0,45.0,110.0,,,33.1,21.0,36.0,32.0,61.0,26.0,,1016.8,,,
560,11.9,10.0,,10.0,45.0,110.0,,,33.1,21.0,36.0,32.0,61.0,26.0,,1016.8,,,
561,11.9,10.0,,10.0,45.0,110.0,,,33.1,21.0,36.0,32.0,61.0,26.0,,1016.8,,,
562,11.9,10.0,,10.0,45.0,110.0,,,33.1,21.0,36.0,32.0,61.0,26.0,,1016.8,,,
563,11.9,10.0,,10.0,45.0,110.0,,,33.1,21.0,36.0,32.0,61.0,26.0,,1016.8,,,
564,12.9,12.0,,10.0,90.0,,,,34.0,21.0,,,59.0,26.0,,1016.9,,,
565,12.9,12.0,,10.0,90.0,,,,34.0,21.0,,,59.0,26.0,,1016.9,,,
566,12.9,12.0,,10.0,90.0,,,,34.0,21.0,,,59.0,26.0,,1016.9,,,
567,12.9,12.0,,10.0,90.0,,,,34.0,21.0,,,59.0,26.0,,1016.9,,,
568,12.9,12.0,,10.0,90.0,,,,34.0,21.0,,,59.0,26.0,,1016.9,,,
569,12.9,12.0,,10.0,90.0,,,,34.0,21.0,,,59.0,26.0,,1016.9,,,
570,13.9,10.0,,10.0,90.0,,,,37.0,21.9,,,54.0,30.0,,1017.2,,,
571,13.9,10.0,,10.0,90.0,,,,37.0,21.9,,,54.0,30.0,,1017.2,,,
572,13.9,10.0,,10.0,90.0,,,,37.0,21.9,,,54.0,30.0,,1017.2,,,
573,13.9,10.0,,10.0,90.0,,,,37.0,21.9,,,54.0,30.0,,1017.2,,,
574,13.9,10.0,,10.0,90.0,,,,37.0,21.9,,,54.0,30.0,,1017.2,,,
575,13.9,10.0,,10.0,90.0,,,,37.0,21.9,,,54.0,30.0,,1017.2,,,
576,14.9,10.0,,10.0,,,,,39.9,21.9,,,49.0,34.0,,1017.1,,,
577,14.9,10.0,,10.0,,,,,39.9,21.9,,,49.0,34.0,,1017.1,,,
578,14.9,10.0,,10.0,,,,,39.9,21.9,,,49.0,34.0,,1017.1,,,
579,14.9,10.0,,10.0,,,,,39.9,21.9,,,49.0,34.0,,1017.1,,,
580,14.9,10.0,,10.0,,,,,39.9,21.9,,,49.0,34.0,,1017.1,,,
581,14.9,10.0,,10.0,,,,,39.9,21.9,,,49.0,34.0,,1017.1,,,
582,15.9,13.0,21.0,10.0,,,,,42.1,23.0,,,47.0,36.0,,1016.4,,,
583,15.9,13.0,21.0,10.0,,,,,42.1,23.0,,,47.0,36.0,,1016.4,,,
584,15.9,13.0,21.0,10.0,,,,,42.1,23.0,,,47.0,36.0,,1016.4,,,
585,15.9,13.0,21.0,10.0,,,,,42.1,23.0,,,47.0,36.0,,1016.4,,,
586,15.9,13.0,21.0,10.0,,,,,42.1,23.0,,,47.0,36.0,,1016.4,,,
587,15.9,13.0,21.0,10.0,,,,,42.1,23.0,,,47.0,36.0,,1016.4,,,
588,16.9,13.0,,10.0,250.0,,,,44.1,24.1,,,45.0,38.0,,1015.0,,,
589,16.9,13.0,,10.0,250.0,,,,44.1,24.1,,,45.0,38.0,,1015.0,,,
590,16.9,13.0,,10.0,250.0,,,,44.1,24.1,,,45.0,38.0,,1015.0,,,
591,16.9,13.0,,10.0,250.0,,,,44.1,24.1,,,45.0,38.0,,1015.0,,,
592,16.9,13.0,,10.0,250.0,,,,44.1,24.1,,,45.0,38.0,,1015.0,,,
593,16.9,13.0,,10.0,250.0,,,,44.1,24.1,,,45.0,38.0,,1015.0,,,
594,17.9,8.0,,10.0,250.0,,,,45.0,25.0,45.0,32.0,46.0,41.0,,1013.9,,,
595,17.9,8.0,,10.0,250.0,,,,45.0,25.0,45.0,32.0,46.0,41.0,,1013.9,,,
596,17.9,8.0,,10.0,250.0,,,,45.0,25.0,45.0,32.0,46.0,41.0,,1013.9,,,
597,17.9,8.0,,10.0,250.0,,,,45.0,25.0,45.0,32.0,46.0,41.0,,1013.9,,,
598,17.9,8.0,,10.0,250.0,,,,45.0,25.0,45.0,32.0,46.0,41.0,,1013.9,,,
599,17.9,8.0,,10.0,250.0,,,,45.0,25.0,45.0,32.0,46.0,41.0,,1013.9,,,
600,18.9,10.0,,10.0,200.0,250.0,,,44.1,25.0,,,47.0,39.0,,1012.9,,,
601,18.9,10.0,,10.0,200.0,250.0,,,44.1,25.0,,,47.0,39.0,,1012.9,,,
602,18.9,10.0,,10.0,200.0,250.0,,,44.1,25.0,,,47.0,39.0,,1012.9,,,
603,18.9,10.0,,10.0,200.0,250.0,,,44.1,25.0,,,47.0,39.0,,1012.9,,,
604,18.9,10.0,,10.0,200.0,250.0,,,44.1,25.0,,,47.0,39.0,,1012.9,,,
605,18.9,10.0,,10.0,200.0,250.0,,,44.1,25.0,,,47.0,39.0,,1012.9,,,
606,19.9,10.0,,10.0,200.0,250.0,,,45.0,25.0,,,46.0,40.0,,1012.6,,,
607,19.9,10.0,,10.0,200.0,250.0,,,45.0,25.0,,,46.0,40.0,,1012.6,,,
608,19.9,10.0,,10.0,200.0,250.0,,,45.0,25.0,,,46.0,40.0,,1012.6,,,
609,19.9,10.0,,10.0,200.0,250.0,,,45.0,25.0,,,46.0,40.0,,1012.6,,,
610,19.9,10.0,,10.0,200.0,250.0,,,45.0,25.0,,,46.0,40.0,,1012.6,,,
611,19.9,10.0,,10.0,200.0,250.0,,,45.0,25.0,,,46.0,40.0,,1012.6,,,
612,20.9,9.0,,10.0,200.0,250.0,,,42.1,25.0,,,51.0,37.0,,1011.5,,,
613,20.9,9.0,,10.0,200.0,250.0,,,42.1,25.0,,,51.0,37.0,,1011.5,,,
614,20.9,9.0,,10.0,200.0,250.0,,,42.1,25.0,,,51.0,37.0,,1011.5,,,
615,20.9,9.0,,10.0,200.0,250.0,,,42.1,25.0,,,51.0,37.0,,1011.5,,,
616,20.9,9.0,,10.0,200.0,250.0,,,42.1,25.0,,,51.0,37.0,,1011.5,,,
617,20.9,9.0,,10.0,200.0,250.0,,,42.1,25.0,,,51.0,37.0,,1011.5,,,
618,21.9,12.0,,10.0,170.0,200.0,250.0,,39.9,26.1,,,58.0,34.0,,1010.9,,,
619,21.9,12.0,,10.0,170.0,200.0,250.0,,39.9,26.1,,,58.0,34.0,,1010.9,,,
620,21.9,12.0,,10.0,170.0,200.0,250.0,,39.9,26.1,,,58.0,34.0,,1010.9,,,
621,21.9,12.0,,10.0,170.0,200.0,250.0,,39.9,26.1,,,58.0,34.0,,1010.9,,,
622,21.9,12.0,,10.0,170.0,200.0,250.0,,39.9,26.1,,,58.0,34.0,,1010.9,,,
623,21.9,12.0,,10.0,170.0,200.0,250.0,,39.9,26.1,,,58.0,34.0,,1010.9,,,
624,22.9,17.0,,10.0,170.0,200.0,250.0,,39.0,27.0,,,62.0,31.0,,1010.6,,,
625,22.9,17.0,,10.0,170.0,200.0,250.0,,39.0,27.0,,,62.0,31.0,,1010.6,,,
626,22.9,17.0,,10.0,170.0,200.0,250.0,,39.0,27.0,,,62.0,31.0,,1010.6,,,
627,22.9,17.0,,10.0,170.0,200.0,250.0,,39.0,27.0,,,62.0,31.0,,1010.6,,,
628,22.9,17.0,,10.0,170.0,200.0,250.0,,39.0,27.0,,,62.0,31.0,,1010.6,,,
629,22.9,17.0,,10.0,170.0,200.0,250.0,,39.0,27.0,,,62.0,31.0,,1010.6,,,
630,23.9,14.0,,10.0,140.0,220.0,,,39.0,27.0,45.0,37.9,62.0,32.0,,1010.2,,,
631,23.9,14.0,,10.0,140.0,220.0,,,39.0,27.0,45.0,37.9,62.0,32.0,,1010.2,,,
632,23.9,14.0,,10.0,140.0,220.0,,,39.0,27.0,45.0,37.9,62.0,32.0,,1010.2,,,
633,23.9,14.0,,10.0,140.0,220.0,,,39.0,27.0,45.0,37.9,62.0,32.0,,1010.2,,,
634,23.9,14.0,,10.0,140.0,220.0,,,39.0,27.0,45.0,37.9,62.0,32.0,,1010.2,,,
635,23.9,14.0,,10.0,140.0,220.0,,,39.0,27.0,45.0,37.9,62.0,32.0,,1010.2,,,
636,0.9,15.0,22.0,10.0,140.0,180.0,,,39.0,26.1,,,60.0,31.0,,1010.2,,,
637,0.9,15.0,22.0,10.0,140.0,180.0,,,39.0,26.1,,,60.0,31.0,,1010.2,,,
638,0.9,15.0,22.0,10.0,140.0,180.0,,,39.0,26.1,,,60.0,31.0,,1010.2,,,
639,0.9,15.0,22.0,10.0,140.0,180.0,,,39.0,26.1,,,60.0,31.0,,1010.2,,,
640,0.9,15.0,22.0,10.0,140.0,180.0,,,39.0,26.1,,,60.0,31.0,,1010.2,,,
641,0.9,15.0,22.0,10.0,140.0,180.0,,,39.0,26.1,,,60.0,31.0,,1010.2,,,
642,2.9,14.0,,10.0,110.0,,,,39.9,30.9,,,70.0,33.0,,1008.3,,,
643,2.9,14.0,,10.0,110.0,,,,39.9,30.9,,,70.0,33.0,,1008.3,,,
644,2.9,14.0,,10.0,110.0,,,,39.9,30.9,,,70.0,33.0,,1008.3,,,
645,2.9,14.0,,10.0,110.0,,,,39.9,30.9,,,70.0,33.0,,1008.3,,,
646,2.9,14.0,,10.0,110.0,,,,39.9,30.9,,,70.0,33.0,,1008.3,,,
647,2.9,14.0,,10.0,110.0,,,,39.9,30.9,,,70.0,33.0,,1008.3,,,
648,3.9,14.0,,10.0,140.0,,,,41.0,33.1,,,73.0,34.0,,1007.4,,,
649,3.9,14.0,,10.0,140.0,,,,41.0,33.1,,,73.0,34.0,,1007.4,,,
650,3.9,14.0,,10.0,140.0,,,,41.0,33.1,,,73.0,34.0,,1007.4,,,
651,3.9,14.0,,10.0,140.0,,,,41.0,33.1,,,73.0,34.0,,1007.4,,,
652,3.9,14.0,,10.0,140.0,,,,41.0,33.1,,,73.0,34.0,,1007.4,,,
653,3.9,14.0,,10.0,140.0,,,,41.0,33.1,,,73.0,34.0,,1007.4,,,
654,4.9,12.0,,10.0,2.0,120.0,,,41.0,35.1,,,79.0,35.0,,1006.2,,,
655,4.9,12.0,,10.0,2.0,120.0,,,41.0,35.1,,,79.0,35.0,,1006.2,,,
656,4.9,12.0,,10.0,2.0,120.0,,,41.0,35.1,,,79.0,35.0,,1006.2,,,
657,4.9,12.0,,10.0,2.0,120.0,,,41.0,35.1,,,79.0,35.0,,1006.2,,,
658,4.9,12.0,,10.0,2.0,120.0,,,41.0,35.1,,,79.0,35.0,,1006.2,,,
659,4.9,12.0,,10.0,2.0,120.0,,,41.0,35.1,,,79.0,35.0,,1006.2,,,
660,5.9,14.0,23.0,10.0,26.0,180.0,,,42.1,37.0,43.0,37.9,82.0,35.0,,1005.4,,,
661,5.9,14.0,23.0,10.0,26.0,180.0,,,42.1,37.0,43.0,37.9,82.0,35.0,,1005.4,,,
662,5.9,14.0,23.0,10.0,26.0,180.0,,,42.1,37.0,43.0,37.9,82.0,35.0,,1005.4,,,
663,5.9,14.0,23.0,10.0,26.0,180.0,,,42.1,37.0,43.0,37.9,82.0,35.0,,1005.4,,,
664,5.9,14.0,23.0,10.0,26.0,180.0,,,42.1,37.0,43.0,37.9,82.0,35.0,,1005.4,,,
665,5.9,14.0,23.0,10.0,26.0,180.0,,,42.1,37.0,43.0,37.9,82.0,35.0,,1005.4,,,
666,6.9,14.0,,10.0,120.0,,,,44.1,36.0,,,73.0,38.0,,1005.1,,,
667,6.9,14.0,,10.0,120.0,,,,44.1,36.0,,,73.0,38.0,,1005.1,,,
668,6.9,14.0,,10.0,120.0,,,,44.1,36.0,,,73.0,38.0,,1005.1,,,
669,6.9,14.0,,10.0,120.0,,,,44.1,36.0,,,73.0,38.0,,1005.1,,,
670,6.9,14.0,,10.0,120.0,,,,44.1,36.0,,,73.0,38.0,,1005.1,,,
671,6.9,14.0,,10.0,120.0,,,,44.1,36.0,,,73.0,38.0,,1005.1,,,
672,7.9,20.0,28.0,10.0,60.0,90.0,,,45.0,36.0,,,71.0,38.0,,1003.9,,,
673,7.9,20.0,28.0,10.0,60.0,90.0,,,45.0,36.0,,,71.0,38.0,,1003.9,,,
674,7.9,20.0,28.0,10.0,60.0,90.0,,,45.0,36.0,,,71.0,38.0,,1003.9,,,
675,7.9,20.0,28.0,10.0,60.0,90.0,,,45.0,36.0,,,71.0,38.0,,1003.9,,,
676,7.9,20.0,28.0,10.0,60.0,90.0,,,45.0,36.0,,,71.0,38.0,,1003.9,,,
677,7.9,20.0,28.0,10.0,60.0,90.0,,,45.0,36.0,,,71.0,38.0,,1003.9,,,
678,8.9,16.0,,10.0,140.0,,,,45.0,36.0,,,71.0,38.0,,1003.9,,,
679,8.9,16.0,,10.0,140.0,,,,45.0,36.0,,,71.0,38.0,,1003.9,,,
680,8.9,16.0,,10.0,140.0,,,,45.0,36.0,,,71.0,38.0,,1003.9,,,
681,8.9,16.0,,10.0,140.0,,,,45.0,36.0,,,71.0,38.0,,1003.9,,,
682,8.9,16.0,,10.0,140.0,,,,45.0,36.0,,,71.0,38.0,,1003.9,,,
683,8.9,16.0,,10.0,140.0,,,,45.0,36.0,,,71.0,38.0,,1003.9,,,
684,9.9,15.0,,10.0,150.0,,,,45.0,36.0,,,71.0,39.0,,1003.7,,,
685,9.9,15.0,,10.0,150.0,,,,45.0,36.0,,,71.0,39.0,,1003.7,,,
686,9.9,15.0,,10.0,150.0,,,,45.0,36.0,,,71.0,39.0,,1003.7,,,
687,9.9,15.0,,10.0,150.0,,,,45.0,36.0,,,71.0,39.0,,1003.7,,,
688,9.9,15.0,,10.0,150.0,,,,45.0,36.0,,,71.0,39.0,,1003.7,,,
689,9.9,15.0,,10.0,150.0,,,,45.0,36.0,,,71.0,39.0,,1003.7,,,
690,10.9,9.0,,10.0,140.0,200.0,,,44.1,34.0,,,68.0,40.0,,1004.0,,,
691,10.9,9.0,,10.0,140.0,200.0,,,44.1,34.0,,,68.0,40.0,,1004.0,,,
692,10.9,9.0,,10.0,140.0,200.0,,,44.1,34.0,,,68.0,40.0,,1004.0,,,
693,10.9,9.0,,10.0,140.0,200.0,,,44.1,34.0,,,68.0,40.0,,1004.0,,,
694,10.9,9.0,,10.0,140.0,200.0,,,44.1,34.0,,,68.0,40.0,,1004.0,,,
695,10.9,9.0,,10.0,140.0,200.0,,,44.1,34.0,,,68.0,40.0,,1004.0,,,
696,11.9,9.0,,10.0,200.0,250.0,,,42.1,34.0,45.0,42.1,73.0,37.0,,1004.3,,,
697,11.9,9.0,,10.0,200.0,250.0,,,42.1,34.0,45.0,42.1,73.0,37.0,,1004.3,,,
698,11.9,9.0,,10.0,200.0,250.0,,,42.1,34.0,45.0,42.1,73.0,37.0,,1004.3,,,
699,11.9,9.0,,10.0,200.0,250.0,,,42.1,34.0,45.0,42.1,73.0,37.0,,1004.3,,,
700,11.9,9.0,,10.0,200.0,250.0,,,42.1,34.0,45.0,42.1,73.0,37.0,,1004.3,,,
701,11.9,9.0,,10.0,200.0,250.0,,,42.1,34.0,45.0,42.1,73.0,37.0,,1004.3,,,
702,12.9,9.0,,10.0,180.0,250.0,,,41.0,34.0,,,76.0,36.0,,1004.2,,,
703,12.9,9.0,,10.0,180.0,250.0,,,41.0,34.0,,,76.0,36.0,,1004.2,,,
704,12.9,9.0,,10.0,180.0,250.0,,,41.0,34.0,,,76.0,36.0,,1004.2,,,
705,12.9,9.0,,10.0,180.0,250.0,,,41.0,34.0,,,76.0,36.0,,1004.2,,,
706,12.9,9.0,,10.0,180.0,250.0,,,41.0,34.0,,,76.0,36.0,,1004.2,,,
707,12.9,9.0,,10.0,180.0,250.0,,,41.0,34.0,,,76.0,36.0,,1004.2,,,
708,13.9,10.0,,10.0,180.0,250.0,,,44.1,35.1,,,71.0,39.0,,1004.6,,,
709,13.9,10.0,,10.0,180.0,250.0,,,44.1,35.1,,,71.0,39.0,,1004.6,,,
710,13.9,10.0,,10.0,180.0,250.0,,,44.1,35.1,,,71.0,39.0,,1004.6,,,
711,13.9,10.0,,10.0,180.0,250.0,,,44.1,35.1,,,71.0,39.0,,1004.6,,,
712,13.9,10.0,,10.0,180.0,250.0,,,44.1,35.1,,,71.0,39.0,,1004.6,,,
713,13.9,10.0,,10.0,180.0,250.0,,,44.1,35.1,,,71.0,39.0,,1004.6,,,
714,14.9,15.0,,10.0,160.0,250.0,,,46.0,34.0,,,63.0,40.0,,1004.7,,,
715,14.9,15.0,,10.0,160.0,250.0,,,46.0,34.0,,,63.0,40.0,,1004.7,,,
716,14.9,15.0,,10.0,160.0,250.0,,,46.0,34.0,,,63.0,40.0,,1004.7,,,
717,14.9,15.0,,10.0,160.0,250.0,,,46.0,34.0,,,63.0,40.0,,1004.7,,,
718,14.9,15.0,,10.0,160.0,250.0,,,46.0,34.0,,,63.0,40.0,,1004.7,,,
719,14.9,15.0,,10.0,160.0,250.0,,,46.0,34.0,,,63.0,40.0,,1004.7,,,
720,15.9,13.0,20.0,10.0,120.0,200.0,250.0,,48.0,34.0,,,58.0,43.0,,1004.5,,,
721,15.9,13.0,20.0,10.0,120.0,200.0,250.0,,48.0,34.0,,,58.0,43.0,,1004.5,,,
722,15.9,13.0,20.0,10.0,120.0,200.0,250.0,,48.0,34.0,,,58.0,43.0,,1004.5,,,
723,15.9,13.0,20.0,10.0,120.0,200.0,250.0,,48.0,34.0,,,58.0,43.0,,1004.5,,,
724,15.9,13.0,20.0,10.0,120.0,200.0,250.0,,48.0,34.0,,,58.0,43.0,,1004.5,,,
725,15.9,13.0,20.0,10.0,120.0,200.0,250.0,,48.0,34.0,,,58.0,43.0,,1004.5,,,
726,16.9,13.0,,10.0,110.0,,,,48.9,32.0,,,52.0,44.0,,1003.3,,,
727,16.9,13.0,,10.0,110.0,,,,48.9,32.0,,,52.0,44.0,,1003.3,,,
728,16.9,13.0,,10.0,110.0,,,,48.9,32.0,,,52.0,44.0,,1003.3,,,
729,16.9,13.0,,10.0,110.0,,,,48.9,32.0,,,52.0,44.0,,1003.3,,,
730,16.9,13.0,,10.0,110.0,,,,48.9,32.0,,,52.0,44.0,,1003.3,,,
731,16.9,13.0,,10.0,110.0,,,,48.9,32.0,,,52.0,44.0,,1003.3,,,
732,17.9,8.0,,10.0,100.0,140.0,,,48.0,34.0,48.9,39.9,58.0,45.0,,1002.7,,,
733,17.9,8.0,,10.0,100.0,140.0,,,48.0,34.0,48.9,39.9,58.0,45.0,,1002.7,,,
734,17.9,8.0,,10.0,100.0,140.0,,,48.0,34.0,48.9,39.9,58.0,45.0,,1002.7,,,
735,17.9,8.0,,10.0,100.0,140.0,,,48.0,34.0,48.9,39.9,58.0,45.0,,1002.7,,,
736,17.9,8.0,,10.0,100.0,140.0,,,48.0,34.0,48.9,39.9,58.0,45.0,,1002.7,,,
737,17.9,8.0,,10.0,100.0,140.0,,,48.0,34.0,48.9,39.9,58.0,45.0,,1002.7,,,
738,18.9,5.0,,10.0,75.0,110.0,200.0,,50.0,33.1,,,52.0,49.0,,1002.1,,,
739,18.9,5.0,,10.0,75.0,110.0,200.0,,50.0,33.1,,,52.0,49.0,,1002.1,,,
740,18.9,5.0,,10.0,75.0,110.0,200.0,,50.0,33.1,,,52.0,49.0,,1002.1,,,
741,18.9,5.0,,10.0,75.0,110.0,200.0,,50.0,33.1,,,52.0,49.0,,1002.1,,,
742,18.9,5.0,,10.0,75.0,110.0,200.0,,50.0,33.1,,,52.0,49.0,,1002.1,,,
743,18.9,5.0,,10.0,75.0,110.0,200.0,,50.0,33.1,,,52.0,49.0,,1002.1,,,
744,19.9,7.0,,10.0,65.0,100.0,200.0,,48.0,34.0,,,58.0,45.0,,1002.3,,,
745,19.9,7.0,,10.0,65.0,100.0,200.0,,48.0,34.0,,,58.0,45.0,,1002.3,,,
746,19.9,7.0,,10.0,65.0,100.0,200.0,,48.0,34.0,,,58.0,45.0,,1002.3,,,
747,19.9,7.0,,10.0,65.0,100.0,200.0,,48.0,34.0,,,58.0,45.0,,1002.3,,,
748,19.9,7.0,,10.0,65.0,100.0,200.0,,48.0,34.0,,,58.0,45.0,,1002.3,,,
749,19.9,7.0,,10.0,65.0,100.0,200.0,,48.0,34.0,,,58.0,45.0,,1002.3,,,
750,20.9,6.0,,10.0,95.0,130.0,200.0,,48.9,33.1,,,55.0,47.0,,1002.3,,,
751,20.9,6.0,,10.0,95.0,130.0,200.0,,48.9,33.1,,,55.0,47.0,,1002.3,,,
752,20.9,6.0,,10.0,95.0,130.0,200.0,,48.9,33.1,,,55.0,47.0,,1002.3,,,
753,20.9,6.0,,10.0,95.0,130.0,200.0,,48.9,33.1,,,55.0,47.0,,1002.3,,,
754,20.9,6.0,,10.0,95.0,130.0,200.0,,48.9,33.1,,,55.0,47.0,,1002.3,,,
755,20.9,6.0,,10.0,95.0,130.0,200.0,,48.9,33.1,,,55.0,47.0,,1002.3,,,
756,21.9,7.0,,10.0,95.0,170.0,250.0,,48.0,33.1,,,56.0,45.0,,1002.2,,,
757,21.9,7.0,,10.0,95.0,170.0,250.0,,48.0,33.1,,,56.0,45.0,,1002.2,,,
758,21.9,7.0,,10.0,95.0,170.0,250.0,,48.0,33.1,,,56.0,45.0,,1002.2,,,
759,21.9,7.0,,10.0,95.0,170.0,250.0,,48.0,33.1,,,56.0,45.0,,1002.2,,,
760,21.9,7.0,,10.0,95.0,170.0,250.0,,48.0,33.1,,,56.0,45.0,,1002.2,,,
761,21.9,7.0,,10.0,95.0,170.0,250.0,,48.0,33.1,,,56.0,45.0,,1002.2,,,
762,22.9,8.0,,10.0,60.0,100.0,,,46.0,32.0,,,58.0,42.0,,1002.4,,,
763,22.9,8.0,,10.0,60.0,100.0,,,46.0,32.0,,,58.0,42.0,,1002.4,,,
764,22.9,8.0,,10.0,60.0,100.0,,,46.0,32.0,,,58.0,42.0,,1002.4,,,
765,22.9,8.0,,10.0,60.0,100.0,,,46.0,32.0,,,58.0,42.0,,1002.4,,,
766,22.9,8.0,,10.0,60.0,100.0,,,46.0,32.0,,,58.0,42.0,,1002.4,,,
767,22.9,8.0,,10.0,60.0,100.0,,,46.0,32.0,,,58.0,42.0,,1002.4,,,
768,23.9,10.0,,10.0,55.0,100.0,,,45.0,30.9,50.0,44.1,58.0,40.0,,1001.9,,,
769,23.9,10.0,,10.0,55.0,100.0,,,45.0,30.9,50.0,44.1,58.0,40.0,,1001.9,,,
770,23.9,10.0,,10.0,55.0,100.0,,,45.0,30.9,50.0,44.1,58.0,40.0,,1001.9,,,
771,23.9,10.0,,10.0,55.0,100.0,,,45.0,30.9,50.0,44.1,58.0,40.0,,1001.9,,,
772,23.9,10.0,,10.0,55.0,100.0,,,45.0,30.9,50.0,44.1,58.0,40.0,,1001.9,,,
773,23.9,10.0,,10.0,55.0,100.0,,,45.0,30.9,50.0,44.1,58.0,40.0,,1001.9,,,
774,0.9,5.0,,10.0,80.0,110.0,,,44.1,33.1,,,65.0,42.0,,1000.8,,,
775,0.9,5.0,,10.0,80.0,110.0,,,44.1,33.1,,,65.0,42.0,,1000.8,,,
776,0.9,5.0,,10.0,80.0,110.0,,,44.1,33.1,,,65.0,42.0,,1000.8,,,
777,0.9,5.0,,10.0,80.0,110.0,,,44.1,33.1,,,65.0,42.0,,1000.8,,,
778,0.9,5.0,,10.0,80.0,110.0,,,44.1,33.1,,,65.0,42.0,,1000.8,,,
779,0.9,5.0,,10.0,80.0,110.0,,,44.1,33.1,,,65.0,42.0,,1000.8,,,
780,1.9,6.0,,10.0,110.0,,,,42.1,35.1,,,76.0,39.0,,1000.2,,,
781,1.9,6.0,,10.0,110.0,,,,42.1,35.1,,,76.0,39.0,,1000.2,,,
782,1.9,6.0,,10.0,110.0,,,,42.1,35.1,,,76.0,39.0,,1000.2,,,
783,1.9,6.0,,10.0,110.0,,,,42.1,35.1,,,76.0,39.0,,1000.2,,,
784,1.9,6.0,,10.0,110.0,,,,42.1,35.1,,,76.0,39.0,,1000.2,,,
785,1.9,6.0,,10.0,110.0,,,,42.1,35.1,,,76.0,39.0,,1000.2,,,
786,2.9,5.0,,10.0,10.0,80.0,,,42.1,37.0,,,82.0,40.0,,1000.5,,,
787,2.9,5.0,,10.0,10.0,80.0,,,42.1,37.0,,,82.0,40.0,,1000.5,,,
788,2.9,5.0,,10.0,10.0,80.0,,,42.1,37.0,,,82.0,40.0,,1000.5,,,
789,2.9,5.0,,10.0,10.0,80.0,,,42.1,37.0,,,82.0,40.0,,1000.5,,,
790,2.9,5.0,,10.0,10.0,80.0,,,42.1,37.0,,,82.0,40.0,,1000.5,,,
791,2.9,5.0,,10.0,10.0,80.0,,,42.1,37.0,,,82.0,40.0,,1000.5,,,
792,3.9,6.0,,10.0,11.0,70.0,,,43.0,39.0,,,86.0,40.0,,999.8,,,
793,3.9,6.0,,10.0,11.0,70.0,,,43.0,39.0,,,86.0,40.0,,999.8,,,
794,3.9,6.0,,10.0,11.0,70.0,,,43.0,39.0,,,86.0,40.0,,999.8,,,
795,3.9,6.0,,10.0,11.0,70.0,,,43.0,39.0,,,86.0,40.0,,999.8,,,
796,3.9,6.0,,10.0,11.0,70.0,,,43.0,39.0,,,86.0,40.0,,999.8,,,
797,3.9,6.0,,10.0,11.0,70.0,,,43.0,39.0,,,86.0,40.0,,999.8,,,
798,4.9,6.0,,10.0,13.0,85.0,,,41.0,37.9,,,89.0,38.0,,998.2,,,
799,4.9,6.0,,10.0,13.0,85.0,,,41.0,37.9,,,89.0,38.0,,998.2,,,
800,4.9,6.0,,10.0,13.0,85.0,,,41.0,37.9,,,89.0,38.0,,998.2,,,
801,4.9,6.0,,10.0,13.0,85.0,,,41.0,37.9,,,89.0,38.0,,998.2,,,
802,4.9,6.0,,10.0,13.0,85.0,,,41.0,37.9,,,89.0,38.0,,998.2,,,
803,4.9,6.0,,10.0,13.0,85.0,,,41.0,37.9,,,89.0,38.0,,998.2,,,
804,5.9,6.0,,9.0,12.0,,,,39.9,37.9,45.0,39.9,93.0,36.0,,997.2,,,
805,5.9,6.0,,9.0,12.0,,,,39.9,37.9,45.0,39.9,93.0,36.0,,997.2,,,
806,5.9,6.0,,9.0,12.0,,,,39.9,37.9,45.0,39.9,93.0,36.0,,997.2,,,
807,5.9,6.0,,9.0,12.0,,,,39.9,37.9,45.0,39.9,93.0,36.0,,997.2,,,
808,5.9,6.0,,9.0,12.0,,,,39.9,37.9,45.0,39.9,93.0,36.0,,997.2,,,
809,5.9,6.0,,9.0,12.0,,,,39.9,37.9,45.0,39.9,93.0,36.0,,997.2,,,
810,6.9,5.0,,9.0,11.0,50.0,,,39.0,37.9,,,96.0,36.0,,996.3,,,
811,6.9,5.0,,9.0,11.0,50.0,,,39.0,37.9,,,96.0,36.0,,996.3,,,
812,6.9,5.0,,9.0,11.0,50.0,,,39.0,37.9,,,96.0,36.0,,996.3,,,
813,6.9,5.0,,9.0,11.0,50.0,,,39.0,37.9,,,96.0,36.0,,996.3,,,
814,6.9,5.0,,9.0,11.0,50.0,,,39.0,37.9,,,96.0,36.0,,996.3,,,
815,6.9,5.0,,9.0,11.0,50.0,,,39.0,37.9,,,96.0,36.0,,996.3,,,
816,8.9,3.0,,10.0,11.0,45.0,,,39.9,39.0,,,97.0,,,994.9,,,
817,8.9,3.0,,10.0,11.0,45.0,,,39.9,39.0,,,97.0,,,994.9,,,
818,8.9,3.0,,10.0,11.0,45.0,,,39.9,39.0,,,97.0,,,994.9,,,
819,8.9,3.0,,10.0,11.0,45.0,,,39.9,39.0,,,97.0,,,994.9,,,
820,8.9,3.0,,10.0,11.0,45.0,,,39.9,39.0,,,97.0,,,994.9,,,
821,8.9,3.0,,10.0,11.0,45.0,,,39.9,39.0,,,97.0,,,994.9,,,
822,9.9,6.0,,10.0,21.0,49.0,,,42.1,41.0,,,96.0,39.0,,994.0,,,
823,9.9,6.0,,10.0,21.0,49.0,,,42.1,41.0,,,96.0,39.0,,994.0,,,
824,9.9,6.0,,10.0,21.0,49.0,,,42.1,41.0,,,96.0,39.0,,994.0,,,
825,9.9,6.0,,10.0,21.0,49.0,,,42.1,41.0,,,96.0,39.0,,994.0,,,
826,9.9,6.0,,10.0,21.0,49.0,,,42.1,41.0,,,96.0,39.0,,994.0,,,
827,9.9,6.0,,10.0,21.0,49.0,,,42.1,41.0,,,96.0,39.0,,994.0,,,
828,10.9,6.0,,10.0,24.0,55.0,,,42.1,39.9,,,92.0,39.0,,993.8,,,
829,10.9,6.0,,10.0,24.0,55.0,,,42.1,39.9,,,92.0,39.0,,993.8,,,
830,10.9,6.0,,10.0,24.0,55.0,,,42.1,39.9,,,92.0,39.0,,993.8,,,
831,10.9,6.0,,10.0,24.0,55.0,,,42.1,39.9,,,92.0,39.0,,993.8,,,
832,10.9,6.0,,10.0,24.0,55.0,,,42.1,39.9,,,92.0,39.0,,993.8,,,
833,10.9,6.0,,10.0,24.0,55.0,,,42.1,39.9,,,92.0,39.0,,993.8,,,
834,11.9,7.0,,10.0,28.0,40.0,100.0,,42.1,39.9,43.0,39.0,92.0,38.0,,993.6,,,
835,11.9,7.0,,10.0,28.0,40.0,100.0,,42.1,39.9,43.0,39.0,92.0,38.0,,993.6,,,
836,11.9,7.0,,10.0,28.0,40.0,100.0,,42.1,39.9,43.0,39.0,92.0,38.0,,993.6,,,
837,11.9,7.0,,10.0,28.0,40.0,100.0,,42.1,39.9,43.0,39.0,92.0,38.0,,993.6,,,
838,11.9,7.0,,10.0,28.0,40.0,100.0,,42.1,39.9,43.0,39.0,92.0,38.0,,993.6,,,
839,11.9,7.0,,10.0,28.0,40.0,100.0,,42.1,39.9,43.0,39.0,92.0,38.0,,993.6,,,
840,12.9,7.0,,10.0,11.0,90.0,120.0,,43.0,41.0,,,93.0,39.0,,992.8,,,
841,12.9,7.0,,10.0,11.0,90.0,120.0,,43.0,41.0,,,93.0,39.0,,992.8,,,
842,12.9,7.0,,10.0,11.0,90.0,120.0,,43.0,41.0,,,93.0,39.0,,992.8,,,
843,12.9,7.0,,10.0,11.0,90.0,120.0,,43.0,41.0,,,93.0,39.0,,992.8,,,
844,12.9,7.0,,10.0,11.0,90.0,120.0,,43.0,41.0,,,93.0,39.0,,992.8,,,
845,12.9,7.0,,10.0,11.0,90.0,120.0,,43.0,41.0,,,93.0,39.0,,992.8,,,
846,13.9,8.0,,10.0,14.0,100.0,,,45.0,42.1,,,90.0,41.0,,992.7,,,
847,13.9,8.0,,10.0,14.0,100.0,,,45.0,42.1,,,90.0,41.0,,992.7,,,
848,13.9,8.0,,10.0,14.0,100.0,,,45.0,42.1,,,90.0,41.0,,992.7,,,
849,13.9,8.0,,10.0,14.0,100.0,,,45.0,42.1,,,90.0,41.0,,992.7,,,
850,13.9,8.0,,10.0,14.0,100.0,,,45.0,42.1,,,90.0,41.0,,992.7,,,
851,13.9,8.0,,10.0,14.0,100.0,,,45.0,42.1,,,90.0,41.0,,992.7,,,
852,14.9,15.0,24.0,10.0,19.0,110.0,160.0,,48.0,42.1,,,80.0,43.0,,993.1,,,
853,14.9,15.0,24.0,10.0,19.0,110.0,160.0,,48.0,42.1,,,80.0,43.0,,993.1,,,
854,14.9,15.0,24.0,10.0,19.0,110.0,160.0,,48.0,42.1,,,80.0,43.0,,993.1,,,
855,14.9,15.0,24.0,10.0,19.0,110.0,160.0,,48.0,42.1,,,80.0,43.0,,993.1,,,
856,14.9,15.0,24.0,10.0,19.0,110.0,160.0,,48.0,42.1,,,80.0,43.0,,993.1,,,
857,14.9,15.0,24.0,10.0,19.0,110.0,160.0,,48.0,42.1,,,80.0,43.0,,993.1,,,
858,15.9,18.0,,10.0,22.0,160.0,,,48.9,39.0,,,69.0,43.0,,992.5,,,
859,15.9,18.0,,10.0,22.0,160.0,,,48.9,39.0,,,69.0,43.0,,992.5,,,
860,15.9,18.0,,10.0,22.0,160.0,,,48.9,39.0,,,69.0,43.0,,992.5,,,
861,15.9,18.0,,10.0,22.0,160.0,,,48.9,39.0,,,69.0,43.0,,992.5,,,
862,15.9,18.0,,10.0,22.0,160.0,,,48.9,39.0,,,69.0,43.0,,992.5,,,
863,15.9,18.0,,10.0,22.0,160.0,,,48.9,39.0,,,69.0,43.0,,992.5,,,
864,16.9,18.0,26.0,10.0,25.0,160.0,,,51.1,37.0,,,59.0,,,991.8,,,
865,16.9,18.0,26.0,10.0,25.0,160.0,,,51.1,37.0,,,59.0,,,991.8,,,
866,16.9,18.0,26.0,10.0,25.0,160.0,,,51.1,37.0,,,59.0,,,991.8,,,
867,16.9,18.0,26.0,10.0,25.0,160.0,,,51.1,37.0,,,59.0,,,991.8,,,
868,16.9,18.0,26.0,10.0,25.0,160.0,,,51.1,37.0,,,59.0,,,991.8,,,
869,16.9,18.0,26.0,10.0,25.0,160.0,,,51.1,37.0,,,59.0,,,991.8,,,
870,17.9,20.0,33.0,10.0,39.0,,,,52.0,36.0,52.0,42.1,55.0,,,991.7,,,
871,17.9,20.0,33.0,10.0,39.0,,,,52.0,36.0,52.0,42.1,55.0,,,991.7,,,
872,17.9,20.0,33.0,10.0,39.0,,,,52.0,36.0,52.0,42.1,55.0,,,991.7,,,
873,17.9,20.0,33.0,10.0,39.0,,,,52.0,36.0,52.0,42.1,55.0,,,991.7,,,
874,17.9,20.0,33.0,10.0,39.0,,,,52.0,36.0,52.0,42.1,55.0,,,991.7,,,
875,17.9,20.0,33.0,10.0,39.0,,,,52.0,36.0,52.0,42.1,55.0,,,991.7,,,
876,18.9,17.0,33.0,10.0,44.0,200.0,,,52.0,35.1,,,53.0,,,991.6,,,
877,18.9,17.0,33.0,10.0,44.0,200.0,,,52.0,35.1,,,53.0,,,991.6,,,
878,18.9,17.0,33.0,10.0,44.0,200.0,,,52.0,35.1,,,53.0,,,991.6,,,
879,18.9,17.0,33.0,10.0,44.0,200.0,,,52.0,35.1,,,53.0,,,991.6,,,
880,18.9,17.0,33.0,10.0,44.0,200.0,,,52.0,35.1,,,53.0,,,991.6,,,
881,18.9,17.0,33.0,10.0,44.0,200.0,,,52.0,35.1,,,53.0,,,991.6,,,
882,19.9,14.0,26.0,10.0,42.0,65.0,200.0,,50.0,35.1,,,57.0,45.0,,991.9,,,
883,19.9,14.0,26.0,10.0,42.0,65.0,200.0,,50.0,35.1,,,57.0,45.0,,991.9,,,
884,19.9,14.0,26.0,10.0,42.0,65.0,200.0,,50.0,35.1,,,57.0,45.0,,991.9,,,
885,19.9,14.0,26.0,10.0,42.0,65.0,200.0,,50.0,35.1,,,57.0,45.0,,991.9,,,
886,19.9,14.0,26.0,10.0,42.0,65.0,200.0,,50.0,35.1,,,57.0,45.0,,991.9,,,
887,19.9,14.0,26.0,10.0,42.0,65.0,200.0,,50.0,35.1,,,57.0,45.0,,991.9,,,
888,20.9,24.0,35.0,10.0,47.0,60.0,200.0,,48.9,30.0,,,48.0,42.0,,991.8,,,
889,20.9,24.0,35.0,10.0,47.0,60.0,200.0,,48.9,30.0,,,48.0,42.0,,991.8,,,
890,20.9,24.0,35.0,10.0,47.0,60.0,200.0,,48.9,30.0,,,48.0,42.0,,991.8,,,
891,20.9,24.0,35.0,10.0,47.0,60.0,200.0,,48.9,30.0,,,48.0,42.0,,991.8,,,
892,20.9,24.0,35.0,10.0,47.0,60.0,200.0,,48.9,30.0,,,48.0,42.0,,991.8,,,
893,20.9,24.0,35.0,10.0,47.0,60.0,200.0,,48.9,30.0,,,48.0,42.0,,991.8,,,
894,21.9,22.0,33.0,10.0,50.0,200.0,,,45.0,25.0,,,46.0,37.0,,992.6,,,
895,21.9,22.0,33.0,10.0,50.0,200.0,,,45.0,25.0,,,46.0,37.0,,992.6,,,
896,21.9,22.0,33.0,10.0,50.0,200.0,,,45.0,25.0,,,46.0,37.0,,992.6,,,
897,21.9,22.0,33.0,10.0,50.0,200.0,,,45.0,25.0,,,46.0,37.0,,992.6,,,
898,21.9,22.0,33.0,10.0,50.0,200.0,,,45.0,25.0,,,46.0,37.0,,992.6,,,
899,21.9,22.0,33.0,10.0,50.0,200.0,,,45.0,25.0,,,46.0,37.0,,992.6,,,
900,22.9,18.0,28.0,10.0,50.0,200.0,,,43.0,21.0,,,42.0,35.0,,992.9,,,
901,22.9,18.0,28.0,10.0,50.0,200.0,,,43.0,21.0,,,42.0,35.0,,992.9,,,
902,22.9,18.0,28.0,10.0,50.0,200.0,,,43.0,21.0,,,42.0,35.0,,992.9,,,
903,22.9,18.0,28.0,10.0,50.0,200.0,,,43.0,21.0,,,42.0,35.0,,992.9,,,
904,22.9,18.0,28.0,10.0,50.0,200.0,,,43.0,21.0,,,42.0,35.0,,992.9,,,
905,22.9,18.0,28.0,10.0,50.0,200.0,,,43.0,21.0,,,42.0,35.0,,992.9,,,
906,23.9,18.0,33.0,10.0,50.0,220.0,,,37.9,25.0,53.1,37.9,60.0,29.0,,994.2,,,
907,23.9,18.0,33.0,10.0,50.0,220.0,,,37.9,25.0,53.1,37.9,60.0,29.0,,994.2,,,
908,23.9,18.0,33.0,10.0,50.0,220.0,,,37.9,25.0,53.1,37.9,60.0,29.0,,994.2,,,
909,23.9,18.0,33.0,10.0,50.0,220.0,,,37.9,25.0,53.1,37.9,60.0,29.0,,994.2,,,
910,23.9,18.0,33.0,10.0,50.0,220.0,,,37.9,25.0,53.1,37.9,60.0,29.0,,994.2,,,
911,23.9,18.0,33.0,10.0,50.0,220.0,,,37.9,25.0,53.1,37.9,60.0,29.0,,994.2,,,
912,0.9,20.0,28.0,10.0,43.0,220.0,,,35.1,19.9,,,54.0,25.0,,995.0,,,
913,0.9,20.0,28.0,10.0,43.0,220.0,,,35.1,19.9,,,54.0,25.0,,995.0,,,
914,0.9,20.0,28.0,10.0,43.0,220.0,,,35.1,19.9,,,54.0,25.0,,995.0,,,
915,0.9,20.0,28.0,10.0,43.0,220.0,,,35.1,19.9,,,54.0,25.0,,995.0,,,
916,0.9,20.0,28.0,10.0,43.0,220.0,,,35.1,19.9,,,54.0,25.0,,995.0,,,
917,0.9,20.0,28.0,10.0,43.0,220.0,,,35.1,19.9,,,54.0,25.0,,995.0,,,
918,1.9,17.0,26.0,10.0,50.0,230.0,,,32.0,16.0,,,52.0,22.0,,995.0,,,
919,1.9,17.0,26.0,10.0,50.0,230.0,,,32.0,16.0,,,52.0,22.0,,995.0,,,
920,1.9,17.0,26.0,10.0,50.0,230.0,,,32.0,16.0,,,52.0,22.0,,995.0,,,
921,1.9,17.0,26.0,10.0,50.0,230.0,,,32.0,16.0,,,52.0,22.0,,995.0,,,
922,1.9,17.0,26.0,10.0,50.0,230.0,,,32.0,16.0,,,52.0,22.0,,995.0,,,
923,1.9,17.0,26.0,10.0,50.0,230.0,,,32.0,16.0,,,52.0,22.0,,995.0,,,
924,2.9,17.0,32.0,10.0,200.0,,,,30.0,12.0,,,47.0,19.0,,995.6,,,
925,2.9,17.0,32.0,10.0,200.0,,,,30.0,12.0,,,47.0,19.0,,995.6,,,
926,2.9,17.0,32.0,10.0,200.0,,,,30.0,12.0,,,47.0,19.0,,995.6,,,
927,2.9,17.0,32.0,10.0,200.0,,,,30.0,12.0,,,47.0,19.0,,995.6,,,
928,2.9,17.0,32.0,10.0,200.0,,,,30.0,12.0,,,47.0,19.0,,995.6,,,
929,2.9,17.0,32.0,10.0,200.0,,,,30.0,12.0,,,47.0,19.0,,995.6,,,
930,3.9,10.0,,10.0,190.0,,,,28.9,12.9,,,51.0,20.0,,996.0,,,
931,3.9,10.0,,10.0,190.0,,,,28.9,12.9,,,51.0,20.0,,996.0,,,
932,3.9,10.0,,10.0,190.0,,,,28.9,12.9,,,51.0,20.0,,996.0,,,
933,3.9,10.0,,10.0,190.0,,,,28.9,12.9,,,51.0,20.0,,996.0,,,
934,3.9,10.0,,10.0,190.0,,,,28.9,12.9,,,51.0,20.0,,996.0,,,
935,3.9,10.0,,10.0,190.0,,,,28.9,12.9,,,51.0,20.0,,996.0,,,
936,4.9,15.0,24.0,10.0,190.0,,,,28.0,9.0,,,44.0,17.0,,996.6,,,
937,4.9,15.0,24.0,10.0,190.0,,,,28.0,9.0,,,44.0,17.0,,996.6,,,
938,4.9,15.0,24.0,10.0,190.0,,,,28.0,9.0,,,44.0,17.0,,996.6,,,
939,4.9,15.0,24.0,10.0,190.0,,,,28.0,9.0,,,44.0,17.0,,996.6,,,
940,4.9,15.0,24.0,10.0,190.0,,,,28.0,9.0,,,44.0,17.0,,996.6,,,
941,4.9,15.0,24.0,10.0,190.0,,,,28.0,9.0,,,44.0,17.0,,996.6,,,
942,5.9,14.0,,10.0,45.0,190.0,,,27.0,9.0,37.9,27.0,46.0,16.0,,995.7,,,
943,5.9,14.0,,10.0,45.0,190.0,,,27.0,9.0,37.9,27.0,46.0,16.0,,995.7,,,
944,5.9,14.0,,10.0,45.0,190.0,,,27.0,9.0,37.9,27.0,46.0,16.0,,995.7,,,
945,5.9,14.0,,10.0,45.0,190.0,,,27.0,9.0,37.9,27.0,46.0,16.0,,995.7,,,
946,5.9,14.0,,10.0,45.0,190.0,,,27.0,9.0,37.9,27.0,46.0,16.0,,995.7,,,
947,5.9,14.0,,10.0,45.0,190.0,,,27.0,9.0,37.9,27.0,46.0,16.0,,995.7,,,
948,6.9,16.0,,10.0,50.0,,,,27.0,7.0,,,43.0,16.0,,996.1,,,
949,6.9,16.0,,10.0,50.0,,,,27.0,7.0,,,43.0,16.0,,996.1,,,
950,6.9,16.0,,10.0,50.0,,,,27.0,7.0,,,43.0,16.0,,996.1,,,
951,6.9,16.0,,10.0,50.0,,,,27.0,7.0,,,43.0,16.0,,996.1,,,
952,6.9,16.0,,10.0,50.0,,,,27.0,7.0,,,43.0,16.0,,996.1,,,
953,6.9,16.0,,10.0,50.0,,,,27.0,7.0,,,43.0,16.0,,996.1,,,
954,7.9,20.0,30.0,10.0,50.0,,,,26.1,7.0,,,44.0,13.0,,996.1,,,
955,7.9,20.0,30.0,10.0,50.0,,,,26.1,7.0,,,44.0,13.0,,996.1,,,
956,7.9,20.0,30.0,10.0,50.0,,,,26.1,7.0,,,44.0,13.0,,996.1,,,
957,7.9,20.0,30.0,10.0,50.0,,,,26.1,7.0,,,44.0,13.0,,996.1,,,
958,7.9,20.0,30.0,10.0,50.0,,,,26.1,7.0,,,44.0,13.0,,996.1,,,
959,7.9,20.0,30.0,10.0,50.0,,,,26.1,7.0,,,44.0,13.0,,996.1,,,
960,8.9,17.0,30.0,10.0,47.0,,,,25.0,6.1,,,44.0,13.0,,996.8,,,
961,8.9,17.0,30.0,10.0,47.0,,,,25.0,6.1,,,44.0,13.0,,996.8,,,
962,8.9,17.0,30.0,10.0,47.0,,,,25.0,6.1,,,44.0,13.0,,996.8,,,
963,8.9,17.0,30.0,10.0,47.0,,,,25.0,6.1,,,44.0,13.0,,996.8,,,
964,8.9,17.0,30.0,10.0,47.0,,,,25.0,6.1,,,44.0,13.0,,996.8,,,
965,8.9,17.0,30.0,10.0,47.0,,,,25.0,6.1,,,44.0,13.0,,996.8,,,
966,9.9,18.0,33.0,10.0,48.0,200.0,,,21.0,1.9,,,43.0,7.0,,997.9,,,
967,9.9,18.0,33.0,10.0,48.0,200.0,,,21.0,1.9,,,43.0,7.0,,997.9,,,
968,9.9,18.0,33.0,10.0,48.0,200.0,,,21.0,1.9,,,43.0,7.0,,997.9,,,
969,9.9,18.0,33.0,10.0,48.0,200.0,,,21.0,1.9,,,43.0,7.0,,997.9,,,
970,9.9,18.0,33.0,10.0,48.0,200.0,,,21.0,1.9,,,43.0,7.0,,997.9,,,
971,9.9,18.0,33.0,10.0,48.0,200.0,,,21.0,1.9,,,43.0,7.0,,997.9,,,
972,10.9,17.0,32.0,10.0,46.0,200.0,,,21.0,3.0,,,45.0,8.0,,999.0,,,
973,10.9,17.0,32.0,10.0,46.0,200.0,,,21.0,3.0,,,45.0,8.0,,999.0,,,
974,10.9,17.0,32.0,10.0,46.0,200.0,,,21.0,3.0,,,45.0,8.0,,999.0,,,
975,10.9,17.0,32.0,10.0,46.0,200.0,,,21.0,3.0,,,45.0,8.0,,999.0,,,
976,10.9,17.0,32.0,10.0,46.0,200.0,,,21.0,3.0,,,45.0,8.0,,999.0,,,
977,10.9,17.0,32.0,10.0,46.0,200.0,,,21.0,3.0,,,45.0,8.0,,999.0,,,
978,11.9,24.0,38.0,10.0,45.0,,,,19.0,1.0,27.0,19.0,45.0,3.0,,1000.3,,,
979,11.9,24.0,38.0,10.0,45.0,,,,19.0,1.0,27.0,19.0,45.0,3.0,,1000.3,,,
980,11.9,24.0,38.0,10.0,45.0,,,,19.0,1.0,27.0,19.0,45.0,3.0,,1000.3,,,
981,11.9,24.0,38.0,10.0,45.0,,,,19.0,1.0,27.0,19.0,45.0,3.0,,1000.3,,,
982,11.9,24.0,38.0,10.0,45.0,,,,19.0,1.0,27.0,19.0,45.0,3.0,,1000.3,,,
983,11.9,24.0,38.0,10.0,45.0,,,,19.0,1.0,27.0,19.0,45.0,3.0,,1000.3,,,
984,12.9,16.0,36.0,10.0,45.0,,,,19.0,1.9,,,47.0,5.0,,1001.4,,,
985,12.9,16.0,36.0,10.0,45.0,,,,19.0,1.9,,,47.0,5.0,,1001.4,,,
986,12.9,16.0,36.0,10.0,45.0,,,,19.0,1.9,,,47.0,5.0,,1001.4,,,
987,12.9,16.0,36.0,10.0,45.0,,,,19.0,1.9,,,47.0,5.0,,1001.4,,,
988,12.9,16.0,36.0,10.0,45.0,,,,19.0,1.9,,,47.0,5.0,,1001.4,,,
989,12.9,16.0,36.0,10.0,45.0,,,,19.0,1.9,,,47.0,5.0,,1001.4,,,
990,13.9,22.0,37.0,10.0,45.0,,,,19.9,3.0,,,48.0,5.0,,1002.8,,,
991,13.9,22.0,37.0,10.0,45.0,,,,19.9,3.0,,,48.0,5.0,,1002.8,,,
992,13.9,22.0,37.0,10.0,45.0,,,,19.9,3.0,,,48.0,5.0,,1002.8,,,
993,13.9,22.0,37.0,10.0,45.0,,,,19.9,3.0,,,48.0,5.0,,1002.8,,,
994,13.9,22.0,37.0,10.0,45.0,,,,19.9,3.0,,,48.0,5.0,,1002.8,,,
995,13.9,22.0,37.0,10.0,45.0,,,,19.9,3.0,,,48.0,5.0,,1002.8,,,
996,14.9,18.0,36.0,10.0,45.0,,,,24.1,3.0,,,40.0,11.0,,1003.7,,,
997,14.9,18.0,36.0,10.0,45.0,,,,24.1,3.0,,,40.0,11.0,,1003.7,,,
998,14.9,18.0,36.0,10.0,45.0,,,,24.1,3.0,,,40.0,11.0,,1003.7,,,
999,14.9,18.0,36.0,10.0,45.0,,,,24.1,3.0,,,40.0,11.0,,1003.7,,,
1000,14.9,18.0,36.0,10.0,45.0,,,,24.1,3.0,,,40.0,11.0,,1003.7,,,
1001,14.9,18.0,36.0,10.0,45.0,,,,24.1,3.0,,,40.0,11.0,,1003.7,,,
1002,15.9,22.0,35.0,10.0,45.0,,,,27.0,-0.0,,,31.0,14.0,,1004.0,,,
1003,15.9,22.0,35.0,10.0,45.0,,,,27.0,-0.0,,,31.0,14.0,,1004.0,,,
1004,15.9,22.0,35.0,10.0,45.0,,,,27.0,-0.0,,,31.0,14.0,,1004.0,,,
1005,15.9,22.0,35.0,10.0,45.0,,,,27.0,-0.0,,,31.0,14.0,,1004.0,,,
1006,15.9,22.0,35.0,10.0,45.0,,,,27.0,-0.0,,,31.0,14.0,,1004.0,,,
1007,15.9,22.0,35.0,10.0,45.0,,,,27.0,-0.0,,,31.0,14.0,,1004.0,,,
1008,16.9,21.0,38.0,10.0,45.0,,,,28.9,-0.9,,,27.0,17.0,,1004.8,,,
1009,16.9,21.0,38.0,10.0,45.0,,,,28.9,-0.9,,,27.0,17.0,,1004.8,,,
1010,16.9,21.0,38.0,10.0,45.0,,,,28.9,-0.9,,,27.0,17.0,,1004.8,,,
1011,16.9,21.0,38.0,10.0,45.0,,,,28.9,-0.9,,,27.0,17.0,,1004.8,,,
1012,16.9,21.0,38.0,10.0,45.0,,,,28.9,-0.9,,,27.0,17.0,,1004.8,,,
1013,16.9,21.0,38.0,10.0,45.0,,,,28.9,-0.9,,,27.0,17.0,,1004.8,,,
1014,17.9,23.0,36.0,10.0,45.0,,,,30.9,-0.9,30.9,19.0,25.0,19.0,,1005.7,,,
1015,17.9,23.0,36.0,10.0,45.0,,,,30.9,-0.9,30.9,19.0,25.0,19.0,,1005.7,,,
1016,17.9,23.0,36.0,10.0,45.0,,,,30.9,-0.9,30.9,19.0,25.0,19.0,,1005.7,,,
1017,17.9,23.0,36.0,10.0,45.0,,,,30.9,-0.9,30.9,19.0,25.0,19.0,,1005.7,,,
1018,17.9,23.0,36.0,10.0,45.0,,,,30.9,-0.9,30.9,19.0,25.0,19.0,,1005.7,,,
1019,17.9,23.0,36.0,10.0,45.0,,,,30.9,-0.9,30.9,19.0,25.0,19.0,,1005.7,,,
1020,18.9,16.0,33.0,10.0,45.0,,,,30.9,3.0,,,30.0,21.0,,1006.9,,,
1021,18.9,16.0,33.0,10.0,45.0,,,,30.9,3.0,,,30.0,21.0,,1006.9,,,
1022,18.9,16.0,33.0,10.0,45.0,,,,30.9,3.0,,,30.0,21.0,,1006.9,,,
1023,18.9,16.0,33.0,10.0,45.0,,,,30.9,3.0,,,30.0,21.0,,1006.9,,,
1024,18.9,16.0,33.0,10.0,45.0,,,,30.9,3.0,,,30.0,21.0,,1006.9,,,
1025,18.9,16.0,33.0,10.0,45.0,,,,30.9,3.0,,,30.0,21.0,,1006.9,,,
1026,19.9,20.0,29.0,10.0,50.0,220.0,,,30.9,3.0,,,30.0,20.0,,1008.9,,,
1027,19.9,20.0,29.0,10.0,50.0,220.0,,,30.9,3.0,,,30.0,20.0,,1008.9,,,
1028,19.9,20.0,29.0,10.0,50.0,220.0,,,30.9,3.0,,,30.0,20.0,,1008.9,,,
1029,19.9,20.0,29.0,10.0,50.0,220.0,,,30.9,3.0,,,30.0,20.0,,1008.9,,,
1030,19.9,20.0,29.0,10.0,50.0,220.0,,,30.9,3.0,,,30.0,20.0,,1008.9,,,
1031,19.9,20.0,29.0,10.0,50.0,220.0,,,30.9,3.0,,,30.0,20.0,,1008.9,,,
1032,20.9,18.0,,10.0,80.0,220.0,250.0,,30.9,3.0,,,30.0,20.0,,1010.8,,,
1033,20.9,18.0,,10.0,80.0,220.0,250.0,,30.9,3.0,,,30.0,20.0,,1010.8,,,
1034,20.9,18.0,,10.0,80.0,220.0,250.0,,30.9,3.0,,,30.0,20.0,,1010.8,,,
1035,20.9,18.0,,10.0,80.0,220.0,250.0,,30.9,3.0,,,30.0,20.0,,1010.8,,,
1036,20.9,18.0,,10.0,80.0,220.0,250.0,,30.9,3.0,,,30.0,20.0,,1010.8,,,
1037,20.9,18.0,,10.0,80.0,220.0,250.0,,30.9,3.0,,,30.0,20.0,,1010.8,,,
1038,21.9,14.0,,10.0,200.0,220.0,,,30.9,3.0,,,30.0,21.0,,1012.8,,,
1039,21.9,14.0,,10.0,200.0,220.0,,,30.9,3.0,,,30.0,21.0,,1012.8,,,
1040,21.9,14.0,,10.0,200.0,220.0,,,30.9,3.0,,,30.0,21.0,,1012.8,,,
1041,21.9,14.0,,10.0,200.0,220.0,,,30.9,3.0,,,30.0,21.0,,1012.8,,,
1042,21.9,14.0,,10.0,200.0,220.0,,,30.9,3.0,,,30.0,21.0,,1012.8,,,
1043,21.9,14.0,,10.0,200.0,220.0,,,30.9,3.0,,,30.0,21.0,,1012.8,,,
1044,22.9,16.0,25.0,10.0,250.0,,,,30.0,3.9,,,33.0,19.0,,1014.2,,,
1045,22.9,16.0,25.0,10.0,250.0,,,,30.0,3.9,,,33.0,19.0,,1014.2,,,
1046,22.9,16.0,25.0,10.0,250.0,,,,30.0,3.9,,,33.0,19.0,,1014.2,,,
1047,22.9,16.0,25.0,10.0,250.0,,,,30.0,3.9,,,33.0,19.0,,1014.2,,,
1048,22.9,16.0,25.0,10.0,250.0,,,,30.0,3.9,,,33.0,19.0,,1014.2,,,
1049,22.9,16.0,25.0,10.0,250.0,,,,30.0,3.9,,,33.0,19.0,,1014.2,,,
1050,23.9,10.0,23.0,10.0,250.0,,,,30.0,3.9,32.0,30.0,33.0,22.0,,1015.5,,,
1051,23.9,10.0,23.0,10.0,250.0,,,,30.0,3.9,32.0,30.0,33.0,22.0,,1015.5,,,
1052,23.9,10.0,23.0,10.0,250.0,,,,30.0,3.9,32.0,30.0,33.0,22.0,,1015.5,,,
1053,23.9,10.0,23.0,10.0,250.0,,,,30.0,3.9,32.0,30.0,33.0,22.0,,1015.5,,,
1054,23.9,10.0,23.0,10.0,250.0,,,,30.0,3.9,32.0,30.0,33.0,22.0,,1015.5,,,
1055,23.9,10.0,23.0,10.0,250.0,,,,30.0,3.9,32.0,30.0,33.0,22.0,,1015.5,,,
1056,0.9,10.0,20.0,10.0,250.0,,,,28.9,5.0,,,36.0,20.0,,1016.4,,,
1057,0.9,10.0,20.0,10.0,250.0,,,,28.9,5.0,,,36.0,20.0,,1016.4,,,
1058,0.9,10.0,20.0,10.0,250.0,,,,28.9,5.0,,,36.0,20.0,,1016.4,,,
1059,0.9,10.0,20.0,10.0,250.0,,,,28.9,5.0,,,36.0,20.0,,1016.4,,,
1060,0.9,10.0,20.0,10.0,250.0,,,,28.9,5.0,,,36.0,20.0,,1016.4,,,
1061,0.9,10.0,20.0,10.0,250.0,,,,28.9,5.0,,,36.0,20.0,,1016.4,,,
1062,1.9,6.0,,10.0,,,,,28.0,6.1,,,39.0,22.0,,1017.3,,,
1063,1.9,6.0,,10.0,,,,,28.0,6.1,,,39.0,22.0,,1017.3,,,
1064,1.9,6.0,,10.0,,,,,28.0,6.1,,,39.0,22.0,,1017.3,,,
1065,1.9,6.0,,10.0,,,,,28.0,6.1,,,39.0,22.0,,1017.3,,,
1066,1.9,6.0,,10.0,,,,,28.0,6.1,,,39.0,22.0,,1017.3,,,
1067,1.9,6.0,,10.0,,,,,28.0,6.1,,,39.0,22.0,,1017.3,,,
1068,2.9,9.0,,10.0,250.0,,,,27.0,8.1,,,45.0,19.0,,1018.6,,,
1069,2.9,9.0,,10.0,250.0,,,,27.0,8.1,,,45.0,19.0,,1018.6,,,
1070,2.9,9.0,,10.0,250.0,,,,27.0,8.1,,,45.0,19.0,,1018.6,,,
1071,2.9,9.0,,10.0,250.0,,,,27.0,8.1,,,45.0,19.0,,1018.6,,,
1072,2.9,9.0,,10.0,250.0,,,,27.0,8.1,,,45.0,19.0,,1018.6,,,
1073,2.9,9.0,,10.0,250.0,,,,27.0,8.1,,,45.0,19.0,,1018.6,,,
1074,3.9,8.0,,10.0,250.0,,,,27.0,9.0,,,46.0,19.0,,1019.4,,,
1075,3.9,8.0,,10.0,250.0,,,,27.0,9.0,,,46.0,19.0,,1019.4,,,
1076,3.9,8.0,,10.0,250.0,,,,27.0,9.0,,,46.0,19.0,,1019.4,,,
1077,3.9,8.0,,10.0,250.0,,,,27.0,9.0,,,46.0,19.0,,1019.4,,,
1078,3.9,8.0,,10.0,250.0,,,,27.0,9.0,,,46.0,19.0,,1019.4,,,
1079,3.9,8.0,,10.0,250.0,,,,27.0,9.0,,,46.0,19.0,,1019.4,,,
1080,4.9,7.0,,10.0,90.0,,,,28.0,12.0,,,51.0,22.0,,1019.3,,,
1081,4.9,7.0,,10.0,90.0,,,,28.0,12.0,,,51.0,22.0,,1019.3,,,
1082,4.9,7.0,,10.0,90.0,,,,28.0,12.0,,,51.0,22.0,,1019.3,,,
1083,4.9,7.0,,10.0,90.0,,,,28.0,12.0,,,51.0,22.0,,1019.3,,,
1084,4.9,7.0,,10.0,90.0,,,,28.0,12.0,,,51.0,22.0,,1019.3,,,
1085,4.9,7.0,,10.0,90.0,,,,28.0,12.0,,,51.0,22.0,,1019.3,,,
1086,5.9,6.0,,10.0,70.0,85.0,,,28.9,10.9,30.0,26.1,47.0,23.0,,1019.8,,,
1087,5.9,6.0,,10.0,70.0,85.0,,,28.9,10.9,30.0,26.1,47.0,23.0,,1019.8,,,
1088,5.9,6.0,,10.0,70.0,85.0,,,28.9,10.9,30.0,26.1,47.0,23.0,,1019.8,,,
1089,5.9,6.0,,10.0,70.0,85.0,,,28.9,10.9,30.0,26.1,47.0,23.0,,1019.8,,,
1090,5.9,6.0,,10.0,70.0,85.0,,,28.9,10.9,30.0,26.1,47.0,23.0,,1019.8,,,
1091,5.9,6.0,,10.0,70.0,85.0,,,28.9,10.9,30.0,26.1,47.0,23.0,,1019.8,,,
1092,6.9,6.0,,10.0,70.0,90.0,,,28.9,12.0,,,49.0,23.0,,1020.0,,,
1093,6.9,6.0,,10.0,70.0,90.0,,,28.9,12.0,,,49.0,23.0,,1020.0,,,
1094,6.9,6.0,,10.0,70.0,90.0,,,28.9,12.0,,,49.0,23.0,,1020.0,,,
1095,6.9,6.0,,10.0,70.0,90.0,,,28.9,12.0,,,49.0,23.0,,1020.0,,,
1096,6.9,6.0,,10.0,70.0,90.0,,,28.9,12.0,,,49.0,23.0,,1020.0,,,
1097,6.9,6.0,,10.0,70.0,90.0,,,28.9,12.0,,,49.0,23.0,,1020.0,,,
1098,7.9,8.0,,10.0,80.0,,,,30.0,14.0,,,51.0,23.0,,1019.7,,,
1099,7.9,8.0,,10.0,80.0,,,,30.0,14.0,,,51.0,23.0,,1019.7,,,
1100,7.9,8.0,,10.0,80.0,,,,30.0,14.0,,,51.0,23.0,,1019.7,,,
1101,7.9,8.0,,10.0,80.0,,,,30.0,14.0,,,51.0,23.0,,1019.7,,,
1102,7.9,8.0,,10.0,80.0,,,,30.0,14.0,,,51.0,23.0,,1019.7,,,
1103,7.9,8.0,,10.0,80.0,,,,30.0,14.0,,,51.0,23.0,,1019.7,,,
1104,8.9,10.0,,10.0,80.0,,,,30.0,17.1,,,58.0,22.0,,1020.2,,,
1105,8.9,10.0,,10.0,80.0,,,,30.0,17.1,,,58.0,22.0,,1020.2,,,
1106,8.9,10.0,,10.0,80.0,,,,30.0,17.1,,,58.0,22.0,,1020.2,,,
1107,8.9,10.0,,10.0,80.0,,,,30.0,17.1,,,58.0,22.0,,1020.2,,,
1108,8.9,10.0,,10.0,80.0,,,,30.0,17.1,,,58.0,22.0,,1020.2,,,
1109,8.9,10.0,,10.0,80.0,,,,30.0,17.1,,,58.0,22.0,,1020.2,,,
1110,9.9,3.0,,10.0,80.0,,,,30.0,18.0,,,61.0,,,1020.3,,,
1111,9.9,3.0,,10.0,80.0,,,,30.0,18.0,,,61.0,,,1020.3,,,
1112,9.9,3.0,,10.0,80.0,,,,30.0,18.0,,,61.0,,,1020.3,,,
1113,9.9,3.0,,10.0,80.0,,,,30.0,18.0,,,61.0,,,1020.3,,,
1114,9.9,3.0,,10.0,80.0,,,,30.0,18.0,,,61.0,,,1020.3,,,
1115,9.9,3.0,,10.0,80.0,,,,30.0,18.0,,,61.0,,,1020.3,,,
1116,10.9,8.0,,10.0,85.0,,,,30.9,21.0,,,67.0,24.0,,1019.8,,,
1117,10.9,8.0,,10.0,85.0,,,,30.9,21.0,,,67.0,24.0,,1019.8,,,
1118,10.9,8.0,,10.0,85.0,,,,30.9,21.0,,,67.0,24.0,,1019.8,,,
1119,10.9,8.0,,10.0,85.0,,,,30.9,21.0,,,67.0,24.0,,1019.8,,,
1120,10.9,8.0,,10.0,85.0,,,,30.9,21.0,,,67.0,24.0,,1019.8,,,
1121,10.9,8.0,,10.0,85.0,,,,30.9,21.0,,,67.0,24.0,,1019.8,,,
1122,11.9,7.0,,10.0,75.0,,,,32.0,23.0,32.0,28.9,69.0,26.0,,1019.5,,,
1123,11.9,7.0,,10.0,75.0,,,,32.0,23.0,32.0,28.9,69.0,26.0,,1019.5,,,
1124,11.9,7.0,,10.0,75.0,,,,32.0,23.0,32.0,28.9,69.0,26.0,,1019.5,,,
1125,11.9,7.0,,10.0,75.0,,,,32.0,23.0,32.0,28.9,69.0,26.0,,1019.5,,,
1126,11.9,7.0,,10.0,75.0,,,,32.0,23.0,32.0,28.9,69.0,26.0,,1019.5,,,
1127,11.9,7.0,,10.0,75.0,,,,32.0,23.0,32.0,28.9,69.0,26.0,,1019.5,,,
1128,12.9,3.0,,10.0,60.0,100.0,,,33.1,24.1,,,70.0,,,1018.9,,,
1129,12.9,3.0,,10.0,60.0,100.0,,,33.1,24.1,,,70.0,,,1018.9,,,
1130,12.9,3.0,,10.0,60.0,100.0,,,33.1,24.1,,,70.0,,,1018.9,,,
1131,12.9,3.0,,10.0,60.0,100.0,,,33.1,24.1,,,70.0,,,1018.9,,,
1132,12.9,3.0,,10.0,60.0,100.0,,,33.1,24.1,,,70.0,,,1018.9,,,
1133,12.9,3.0,,10.0,60.0,100.0,,,33.1,24.1,,,70.0,,,1018.9,,,
1134,13.9,8.0,,10.0,60.0,85.0,220.0,,37.0,25.0,,,62.0,32.0,,1019.8,,,
1135,13.9,8.0,,10.0,60.0,85.0,220.0,,37.0,25.0,,,62.0,32.0,,1019.8,,,
1136,13.9,8.0,,10.0,60.0,85.0,220.0,,37.0,25.0,,,62.0,32.0,,1019.8,,,
1137,13.9,8.0,,10.0,60.0,85.0,220.0,,37.0,25.0,,,62.0,32.0,,1019.8,,,
1138,13.9,8.0,,10.0,60.0,85.0,220.0,,37.0,25.0,,,62.0,32.0,,1019.8,,,
1139,13.9,8.0,,10.0,60.0,85.0,220.0,,37.0,25.0,,,62.0,32.0,,1019.8,,,
1140,14.9,5.0,,10.0,25.0,50.0,120.0,220.0,36.0,26.1,,,67.0,33.0,,1019.3,,,
1141,14.9,5.0,,10.0,25.0,50.0,120.0,220.0,36.0,26.1,,,67.0,33.0,,1019.3,,,
1142,14.9,5.0,,10.0,25.0,50.0,120.0,220.0,36.0,26.1,,,67.0,33.0,,1019.3,,,
1143,14.9,5.0,,10.0,25.0,50.0,120.0,220.0,36.0,26.1,,,67.0,33.0,,1019.3,,,
1144,14.9,5.0,,10.0,25.0,50.0,120.0,220.0,36.0,26.1,,,67.0,33.0,,1019.3,,,
1145,14.9,5.0,,10.0,25.0,50.0,120.0,220.0,36.0,26.1,,,67.0,33.0,,1019.3,,,
1146,15.9,6.0,,10.0,50.0,85.0,,,37.0,27.0,,,67.0,33.0,,1019.1,,,
1147,15.9,6.0,,10.0,50.0,85.0,,,37.0,27.0,,,67.0,33.0,,1019.1,,,
1148,15.9,6.0,,10.0,50.0,85.0,,,37.0,27.0,,,67.0,33.0,,1019.1,,,
1149,15.9,6.0,,10.0,50.0,85.0,,,37.0,27.0,,,67.0,33.0,,1019.1,,,
1150,15.9,6.0,,10.0,50.0,85.0,,,37.0,27.0,,,67.0,33.0,,1019.1,,,
1151,15.9,6.0,,10.0,50.0,85.0,,,37.0,27.0,,,67.0,33.0,,1019.1,,,
1152,16.9,3.0,,10.0,70.0,90.0,,,36.0,27.0,,,70.0,,,1017.4,,,
1153,16.9,3.0,,10.0,70.0,90.0,,,36.0,27.0,,,70.0,,,1017.4,,,
1154,16.9,3.0,,10.0,70.0,90.0,,,36.0,27.0,,,70.0,,,1017.4,,,
1155,16.9,3.0,,10.0,70.0,90.0,,,36.0,27.0,,,70.0,,,1017.4,,,
1156,16.9,3.0,,10.0,70.0,90.0,,,36.0,27.0,,,70.0,,,1017.4,,,
1157,16.9,3.0,,10.0,70.0,90.0,,,36.0,27.0,,,70.0,,,1017.4,,,
1158,17.9,,,10.0,30.0,65.0,80.0,,37.0,28.0,37.0,32.0,70.0,,,1016.0,,,
1159,17.9,,,10.0,30.0,65.0,80.0,,37.0,28.0,37.0,32.0,70.0,,,1016.0,,,
1160,17.9,,,10.0,30.0,65.0,80.0,,37.0,28.0,37.0,32.0,70.0,,,1016.0,,,
1161,17.9,,,10.0,30.0,65.0,80.0,,37.0,28.0,37.0,32.0,70.0,,,1016.0,,,
1162,17.9,,,10.0,30.0,65.0,80.0,,37.0,28.0,37.0,32.0,70.0,,,1016.0,,,
1163,17.9,,,10.0,30.0,65.0,80.0,,37.0,28.0,37.0,32.0,70.0,,,1016.0,,,
1164,18.9,3.0,,10.0,50.0,70.0,,,37.9,27.0,,,65.0,,,1016.1,,,
1165,18.9,3.0,,10.0,50.0,70.0,,,37.9,27.0,,,65.0,,,1016.1,,,
1166,18.9,3.0,,10.0,50.0,70.0,,,37.9,27.0,,,65.0,,,1016.1,,,
1167,18.9,3.0,,10.0,50.0,70.0,,,37.9,27.0,,,65.0,,,1016.1,,,
1168,18.9,3.0,,10.0,50.0,70.0,,,37.9,27.0,,,65.0,,,1016.1,,,
1169,18.9,3.0,,10.0,50.0,70.0,,,37.9,27.0,,,65.0,,,1016.1,,,
1170,19.9,,,10.0,42.0,55.0,,,37.0,28.9,,,73.0,,,1015.9,,,
1171,19.9,,,10.0,42.0,55.0,,,37.0,28.9,,,73.0,,,1015.9,,,
1172,19.9,,,10.0,42.0,55.0,,,37.0,28.9,,,73.0,,,1015.9,,,
1173,19.9,,,10.0,42.0,55.0,,,37.0,28.9,,,73.0,,,1015.9,,,
1174,19.9,,,10.0,42.0,55.0,,,37.0,28.9,,,73.0,,,1015.9,,,
1175,19.9,,,10.0,42.0,55.0,,,37.0,28.9,,,73.0,,,1015.9,,,
1176,20.9,10.0,,10.0,32.0,39.0,,,37.9,32.0,,,79.0,32.0,,1015.2,0.01,0.01,
1177,20.9,10.0,,10.0,32.0,39.0,,,37.9,32.0,,,79.0,32.0,,1015.2,0.01,0.01,
1178,20.9,10.0,,10.0,32.0,39.0,,,37.9,32.0,,,79.0,32.0,,1015.2,0.01,0.01,
1179,20.9,10.0,,10.0,32.0,39.0,,,37.9,32.0,,,79.0,32.0,,1015.2,0.01,0.01,
1180,20.9,10.0,,10.0,32.0,39.0,,,37.9,32.0,,,79.0,32.0,,1015.2,0.01,0.01,
1181,20.9,10.0,,10.0,32.0,39.0,,,37.9,32.0,,,79.0,32.0,,1015.2,0.01,0.01,
1182,21.9,15.0,,9.0,34.0,75.0,,,37.9,34.0,,,86.0,30.0,,1015.3,0.01,,
1183,21.9,15.0,,9.0,34.0,75.0,,,37.9,34.0,,,86.0,30.0,,1015.3,0.01,,
1184,21.9,15.0,,9.0,34.0,75.0,,,37.9,34.0,,,86.0,30.0,,1015.3,0.01,,
1185,21.9,15.0,,9.0,34.0,75.0,,,37.9,34.0,,,86.0,30.0,,1015.3,0.01,,
1186,21.9,15.0,,9.0,34.0,75.0,,,37.9,34.0,,,86.0,30.0,,1015.3,0.01,,
1187,21.9,15.0,,9.0,34.0,75.0,,,37.9,34.0,,,86.0,30.0,,1015.3,0.01,,
1188,22.9,17.0,,10.0,15.0,55.0,90.0,,37.0,33.1,,,86.0,28.0,,1016.0,,,
1189,22.9,17.0,,10.0,15.0,55.0,90.0,,37.0,33.1,,,86.0,28.0,,1016.0,,,
1190,22.9,17.0,,10.0,15.0,55.0,90.0,,37.0,33.1,,,86.0,28.0,,1016.0,,,
1191,22.9,17.0,,10.0,15.0,55.0,90.0,,37.0,33.1,,,86.0,28.0,,1016.0,,,
1192,22.9,17.0,,10.0,15.0,55.0,90.0,,37.0,33.1,,,86.0,28.0,,1016.0,,,
1193,22.9,17.0,,10.0,15.0,55.0,90.0,,37.0,33.1,,,86.0,28.0,,1016.0,,,
1194,23.9,15.0,,10.0,80.0,110.0,,,36.0,32.0,39.0,36.0,86.0,27.0,,1016.5,,,0.02
1195,23.9,15.0,,10.0,80.0,110.0,,,36.0,32.0,39.0,36.0,86.0,27.0,,1016.5,,,0.02
1196,23.9,15.0,,10.0,80.0,110.0,,,36.0,32.0,39.0,36.0,86.0,27.0,,1016.5,,,0.02
1197,23.9,15.0,,10.0,80.0,110.0,,,36.0,32.0,39.0,36.0,86.0,27.0,,1016.5,,,0.02
1198,23.9,15.0,,10.0,80.0,110.0,,,36.0,32.0,39.0,36.0,86.0,27.0,,1016.5,,,0.02
1199,23.9,15.0,,10.0,80.0,110.0,,,36.0,32.0,39.0,36.0,86.0,27.0,,1016.5,,,0.02
1200,0.9,18.0,32.0,10.0,15.0,95.0,,,36.0,30.9,,,82.0,26.0,,1017.3,,,
1201,0.9,18.0,32.0,10.0,15.0,95.0,,,36.0,30.9,,,82.0,26.0,,1017.3,,,
1202,0.9,18.0,32.0,10.0,15.0,95.0,,,36.0,30.9,,,82.0,26.0,,1017.3,,,
1203,0.9,18.0,32.0,10.0,15.0,95.0,,,36.0,30.9,,,82.0,26.0,,1017.3,,,
1204,0.9,18.0,32.0,10.0,15.0,95.0,,,36.0,30.9,,,82.0,26.0,,1017.3,,,
1205,0.9,18.0,32.0,10.0,15.0,95.0,,,36.0,30.9,,,82.0,26.0,,1017.3,,,
1206,1.9,17.0,28.0,10.0,15.0,250.0,,,35.1,30.0,,,82.0,26.0,,1018.0,,,
1207,1.9,17.0,28.0,10.0,15.0,250.0,,,35.1,30.0,,,82.0,26.0,,1018.0,,,
1208,1.9,17.0,28.0,10.0,15.0,250.0,,,35.1,30.0,,,82.0,26.0,,1018.0,,,
1209,1.9,17.0,28.0,10.0,15.0,250.0,,,35.1,30.0,,,82.0,26.0,,1018.0,,,
1210,1.9,17.0,28.0,10.0,15.0,250.0,,,35.1,30.0,,,82.0,26.0,,1018.0,,,
1211,1.9,17.0,28.0,10.0,15.0,250.0,,,35.1,30.0,,,82.0,26.0,,1018.0,,,
1212,2.9,9.0,,10.0,16.0,250.0,,,34.0,28.9,,,82.0,27.0,,1018.0,,,
1213,2.9,9.0,,10.0,16.0,250.0,,,34.0,28.9,,,82.0,27.0,,1018.0,,,
1214,2.9,9.0,,10.0,16.0,250.0,,,34.0,28.9,,,82.0,27.0,,1018.0,,,
1215,2.9,9.0,,10.0,16.0,250.0,,,34.0,28.9,,,82.0,27.0,,1018.0,,,
1216,2.9,9.0,,10.0,16.0,250.0,,,34.0,28.9,,,82.0,27.0,,1018.0,,,
1217,2.9,9.0,,10.0,16.0,250.0,,,34.0,28.9,,,82.0,27.0,,1018.0,,,
1218,3.9,8.0,,10.0,220.0,250.0,,,34.0,28.9,,,82.0,28.0,,1018.3,,,
1219,3.9,8.0,,10.0,220.0,250.0,,,34.0,28.9,,,82.0,28.0,,1018.3,,,
1220,3.9,8.0,,10.0,220.0,250.0,,,34.0,28.9,,,82.0,28.0,,1018.3,,,
1221,3.9,8.0,,10.0,220.0,250.0,,,34.0,28.9,,,82.0,28.0,,1018.3,,,
1222,3.9,8.0,,10.0,220.0,250.0,,,34.0,28.9,,,82.0,28.0,,1018.3,,,
1223,3.9,8.0,,10.0,220.0,250.0,,,34.0,28.9,,,82.0,28.0,,1018.3,,,
1224,4.9,12.0,,10.0,250.0,,,,33.1,28.9,,,85.0,25.0,,1018.5,,,
1225,4.9,12.0,,10.0,250.0,,,,33.1,28.9,,,85.0,25.0,,1018.5,,,
1226,4.9,12.0,,10.0,250.0,,,,33.1,28.9,,,85.0,25.0,,1018.5,,,
1227,4.9,12.0,,10.0,250.0,,,,33.1,28.9,,,85.0,25.0,,1018.5,,,
1228,4.9,12.0,,10.0,250.0,,,,33.1,28.9,,,85.0,25.0,,1018.5,,,
1229,4.9,12.0,,10.0,250.0,,,,33.1,28.9,,,85.0,25.0,,1018.5,,,
1230,5.9,8.0,,10.0,250.0,,,,30.9,28.0,36.0,30.9,89.0,24.0,,1018.2,,,
1231,5.9,8.0,,10.0,250.0,,,,30.9,28.0,36.0,30.9,89.0,24.0,,1018.2,,,
1232,5.9,8.0,,10.0,250.0,,,,30.9,28.0,36.0,30.9,89.0,24.0,,1018.2,,,
1233,5.9,8.0,,10.0,250.0,,,,30.9,28.0,36.0,30.9,89.0,24.0,,1018.2,,,
1234,5.9,8.0,,10.0,250.0,,,,30.9,28.0,36.0,30.9,89.0,24.0,,1018.2,,,
1235,5.9,8.0,,10.0,250.0,,,,30.9,28.0,36.0,30.9,89.0,24.0,,1018.2,,,
1236,6.9,6.0,,10.0,250.0,,,,30.0,28.0,,,92.0,25.0,,1018.8,,,
1237,6.9,6.0,,10.0,250.0,,,,30.0,28.0,,,92.0,25.0,,1018.8,,,
1238,6.9,6.0,,10.0,250.0,,,,30.0,28.0,,,92.0,25.0,,1018.8,,,
1239,6.9,6.0,,10.0,250.0,,,,30.0,28.0,,,92.0,25.0,,1018.8,,,
1240,6.9,6.0,,10.0,250.0,,,,30.0,28.0,,,92.0,25.0,,1018.8,,,
1241,6.9,6.0,,10.0,250.0,,,,30.0,28.0,,,92.0,25.0,,1018.8,,,
1242,7.9,10.0,,10.0,250.0,,,,30.0,28.0,,,92.0,22.0,,1018.4,,,
1243,7.9,10.0,,10.0,250.0,,,,30.0,28.0,,,92.0,22.0,,1018.4,,,
1244,7.9,10.0,,10.0,250.0,,,,30.0,28.0,,,92.0,22.0,,1018.4,,,
1245,7.9,10.0,,10.0,250.0,,,,30.0,28.0,,,92.0,22.0,,1018.4,,,
1246,7.9,10.0,,10.0,250.0,,,,30.0,28.0,,,92.0,22.0,,1018.4,,,
1247,7.9,10.0,,10.0,250.0,,,,30.0,28.0,,,92.0,22.0,,1018.4,,,
1248,8.9,9.0,,9.0,220.0,,,,30.9,28.0,,,89.0,24.0,,1018.0,,,
1249,8.9,9.0,,9.0,220.0,,,,30.9,28.0,,,89.0,24.0,,1018.0,,,
1250,8.9,9.0,,9.0,220.0,,,,30.9,28.0,,,89.0,24.0,,1018.0,,,
1251,8.9,9.0,,9.0,220.0,,,,30.9,28.0,,,89.0,24.0,,1018.0,,,
1252,8.9,9.0,,9.0,220.0,,,,30.9,28.0,,,89.0,24.0,,1018.0,,,
1253,8.9,9.0,,9.0,220.0,,,,30.9,28.0,,,89.0,24.0,,1018.0,,,
1254,9.9,7.0,,10.0,110.0,130.0,,,30.9,28.0,,,89.0,25.0,,1018.3,,,
1255,9.9,7.0,,10.0,110.0,130.0,,,30.9,28.0,,,89.0,25.0,,1018.3,,,
1256,9.9,7.0,,10.0,110.0,130.0,,,30.9,28.0,,,89.0,25.0,,1018.3,,,
1257,9.9,7.0,,10.0,110.0,130.0,,,30.9,28.0,,,89.0,25.0,,1018.3,,,
1258,9.9,7.0,,10.0,110.0,130.0,,,30.9,28.0,,,89.0,25.0,,1018.3,,,
1259,9.9,7.0,,10.0,110.0,130.0,,,30.9,28.0,,,89.0,25.0,,1018.3,,,
1260,10.9,6.0,,10.0,70.0,85.0,,,30.9,28.0,,,89.0,26.0,,1016.7,,,
1261,10.9,6.0,,10.0,70.0,85.0,,,30.9,28.0,,,89.0,26.0,,1016.7,,,
1262,10.9,6.0,,10.0,70.0,85.0,,,30.9,28.0,,,89.0,26.0,,1016.7,,,
1263,10.9,6.0,,10.0,70.0,85.0,,,30.9,28.0,,,89.0,26.0,,1016.7,,,
1264,10.9,6.0,,10.0,70.0,85.0,,,30.9,28.0,,,89.0,26.0,,1016.7,,,
1265,10.9,6.0,,10.0,70.0,85.0,,,30.9,28.0,,,89.0,26.0,,1016.7,,,
1266,11.9,5.0,,4.0,9.0,,,,34.0,32.0,,,92.0,30.0,,1017.4,0.01,,
1267,11.9,5.0,,4.0,9.0,,,,34.0,32.0,,,92.0,30.0,,1017.4,0.01,,
1268,11.9,5.0,,4.0,9.0,,,,34.0,32.0,,,92.0,30.0,,1017.4,0.01,,
1269,11.9,5.0,,4.0,9.0,,,,34.0,32.0,,,92.0,30.0,,1017.4,0.01,,
1270,11.9,5.0,,4.0,9.0,,,,34.0,32.0,,,92.0,30.0,,1017.4,0.01,,
1271,11.9,5.0,,4.0,9.0,,,,34.0,32.0,,,92.0,30.0,,1017.4,0.01,,
1272,12.9,6.0,,10.0,75.0,,,,32.0,28.9,,,88.0,27.0,,1017.6,,,
1273,12.9,6.0,,10.0,75.0,,,,32.0,28.9,,,88.0,27.0,,1017.6,,,
1274,12.9,6.0,,10.0,75.0,,,,32.0,28.9,,,88.0,27.0,,1017.6,,,
1275,12.9,6.0,,10.0,75.0,,,,32.0,28.9,,,88.0,27.0,,1017.6,,,
1276,12.9,6.0,,10.0,75.0,,,,32.0,28.9,,,88.0,27.0,,1017.6,,,
1277,12.9,6.0,,10.0,75.0,,,,32.0,28.9,,,88.0,27.0,,1017.6,,,
1278,13.9,14.0,,10.0,65.0,,,,34.0,28.9,,,82.0,25.0,,1018.7,,,
1279,13.9,14.0,,10.0,65.0,,,,34.0,28.9,,,82.0,25.0,,1018.7,,,
1280,13.9,14.0,,10.0,65.0,,,,34.0,28.9,,,82.0,25.0,,1018.7,,,
1281,13.9,14.0,,10.0,65.0,,,,34.0,28.9,,,82.0,25.0,,1018.7,,,
1282,13.9,14.0,,10.0,65.0,,,,34.0,28.9,,,82.0,25.0,,1018.7,,,
1283,13.9,14.0,,10.0,65.0,,,,34.0,28.9,,,82.0,25.0,,1018.7,,,
1284,14.9,12.0,,2.5,10.0,31.0,41.0,,34.0,30.9,,,89.0,26.0,,1019.4,,,
1285,14.9,12.0,,2.5,10.0,31.0,41.0,,34.0,30.9,,,89.0,26.0,,1019.4,,,
1286,14.9,12.0,,2.5,10.0,31.0,41.0,,34.0,30.9,,,89.0,26.0,,1019.4,,,
1287,14.9,12.0,,2.5,10.0,31.0,41.0,,34.0,30.9,,,89.0,26.0,,1019.4,,,
1288,14.9,12.0,,2.5,10.0,31.0,41.0,,34.0,30.9,,,89.0,26.0,,1019.4,,,
1289,14.9,12.0,,2.5,10.0,31.0,41.0,,34.0,30.9,,,89.0,26.0,,1019.4,,,
1290,21.9,21.0,30.0,10.0,18.0,39.0,,,30.9,19.0,,,61.0,19.0,,1011.3,,,
1291,21.9,21.0,30.0,10.0,18.0,39.0,,,30.9,19.0,,,61.0,19.0,,1011.3,,,
1292,21.9,21.0,30.0,10.0,18.0,39.0,,,30.9,19.0,,,61.0,19.0,,1011.3,,,
1293,21.9,21.0,30.0,10.0,18.0,39.0,,,30.9,19.0,,,61.0,19.0,,1011.3,,,
1294,21.9,21.0,30.0,10.0,18.0,39.0,,,30.9,19.0,,,61.0,19.0,,1011.3,,,
1295,21.9,21.0,30.0,10.0,18.0,39.0,,,30.9,19.0,,,61.0,19.0,,1011.3,,,
1296,23.9,18.0,28.0,10.0,55.0,,,,28.0,16.0,34.0,28.0,60.0,16.0,,1013.7,,,
1297,23.9,18.0,28.0,10.0,55.0,,,,28.0,16.0,34.0,28.0,60.0,16.0,,1013.7,,,
1298,23.9,18.0,28.0,10.0,55.0,,,,28.0,16.0,34.0,28.0,60.0,16.0,,1013.7,,,
1299,23.9,18.0,28.0,10.0,55.0,,,,28.0,16.0,34.0,28.0,60.0,16.0,,1013.7,,,
1300,23.9,18.0,28.0,10.0,55.0,,,,28.0,16.0,34.0,28.0,60.0,16.0,,1013.7,,,
1301,23.9,18.0,28.0,10.0,55.0,,,,28.0,16.0,34.0,28.0,60.0,16.0,,1013.7,,,
1302,0.9,13.0,,10.0,50.0,,,,27.0,16.0,,,63.0,17.0,,1014.3,,,
1303,0.9,13.0,,10.0,50.0,,,,27.0,16.0,,,63.0,17.0,,1014.3,,,
1304,0.9,13.0,,10.0,50.0,,,,27.0,16.0,,,63.0,17.0,,1014.3,,,
1305,0.9,13.0,,10.0,50.0,,,,27.0,16.0,,,63.0,17.0,,1014.3,,,
1306,0.9,13.0,,10.0,50.0,,,,27.0,16.0,,,63.0,17.0,,1014.3,,,
1307,0.9,13.0,,10.0,50.0,,,,27.0,16.0,,,63.0,17.0,,1014.3,,,
1308,1.9,10.0,22.0,10.0,,,,,26.1,17.1,,,69.0,17.0,,1014.5,,,
1309,1.9,10.0,22.0,10.0,,,,,26.1,17.1,,,69.0,17.0,,1014.5,,,
1310,1.9,10.0,22.0,10.0,,,,,26.1,17.1,,,69.0,17.0,,1014.5,,,
1311,1.9,10.0,22.0,10.0,,,,,26.1,17.1,,,69.0,17.0,,1014.5,,,
1312,1.9,10.0,22.0,10.0,,,,,26.1,17.1,,,69.0,17.0,,1014.5,,,
1313,1.9,10.0,22.0,10.0,,,,,26.1,17.1,,,69.0,17.0,,1014.5,,,
1314,2.9,14.0,21.0,10.0,,,,,26.1,18.0,,,71.0,15.0,,1014.9,,,
1315,2.9,14.0,21.0,10.0,,,,,26.1,18.0,,,71.0,15.0,,1014.9,,,
1316,2.9,14.0,21.0,10.0,,,,,26.1,18.0,,,71.0,15.0,,1014.9,,,
1317,2.9,14.0,21.0,10.0,,,,,26.1,18.0,,,71.0,15.0,,1014.9,,,
1318,2.9,14.0,21.0,10.0,,,,,26.1,18.0,,,71.0,15.0,,1014.9,,,
1319,2.9,14.0,21.0,10.0,,,,,26.1,18.0,,,71.0,15.0,,1014.9,,,
1320,3.9,14.0,,10.0,75.0,220.0,,,26.1,17.1,,,69.0,15.0,,1014.9,,,
1321,3.9,14.0,,10.0,75.0,220.0,,,26.1,17.1,,,69.0,15.0,,1014.9,,,
1322,3.9,14.0,,10.0,75.0,220.0,,,26.1,17.1,,,69.0,15.0,,1014.9,,,
1323,3.9,14.0,,10.0,75.0,220.0,,,26.1,17.1,,,69.0,15.0,,1014.9,,,
1324,3.9,14.0,,10.0,75.0,220.0,,,26.1,17.1,,,69.0,15.0,,1014.9,,,
1325,3.9,14.0,,10.0,75.0,220.0,,,26.1,17.1,,,69.0,15.0,,1014.9,,,
1326,4.9,13.0,,10.0,70.0,220.0,,,26.1,17.1,,,69.0,16.0,,1014.9,,,
1327,4.9,13.0,,10.0,70.0,220.0,,,26.1,17.1,,,69.0,16.0,,1014.9,,,
1328,4.9,13.0,,10.0,70.0,220.0,,,26.1,17.1,,,69.0,16.0,,1014.9,,,
1329,4.9,13.0,,10.0,70.0,220.0,,,26.1,17.1,,,69.0,16.0,,1014.9,,,
1330,4.9,13.0,,10.0,70.0,220.0,,,26.1,17.1,,,69.0,16.0,,1014.9,,,
1331,4.9,13.0,,10.0,70.0,220.0,,,26.1,17.1,,,69.0,16.0,,1014.9,,,
1332,5.9,12.0,,10.0,70.0,220.0,,,26.1,17.1,28.0,25.0,69.0,16.0,,1015.4,,,
1333,5.9,12.0,,10.0,70.0,220.0,,,26.1,17.1,28.0,25.0,69.0,16.0,,1015.4,,,
1334,5.9,12.0,,10.0,70.0,220.0,,,26.1,17.1,28.0,25.0,69.0,16.0,,1015.4,,,
1335,5.9,12.0,,10.0,70.0,220.0,,,26.1,17.1,28.0,25.0,69.0,16.0,,1015.4,,,
1336,5.9,12.0,,10.0,70.0,220.0,,,26.1,17.1,28.0,25.0,69.0,16.0,,1015.4,,,
1337,5.9,12.0,,10.0,70.0,220.0,,,26.1,17.1,28.0,25.0,69.0,16.0,,1015.4,,,
1338,6.9,12.0,29.0,10.0,70.0,200.0,,,27.0,17.1,,,66.0,17.0,,1016.3,,,
1339,6.9,12.0,29.0,10.0,70.0,200.0,,,27.0,17.1,,,66.0,17.0,,1016.3,,,
1340,6.9,12.0,29.0,10.0,70.0,200.0,,,27.0,17.1,,,66.0,17.0,,1016.3,,,
1341,6.9,12.0,29.0,10.0,70.0,200.0,,,27.0,17.1,,,66.0,17.0,,1016.3,,,
1342,6.9,12.0,29.0,10.0,70.0,200.0,,,27.0,17.1,,,66.0,17.0,,1016.3,,,
1343,6.9,12.0,29.0,10.0,70.0,200.0,,,27.0,17.1,,,66.0,17.0,,1016.3,,,
1344,7.9,12.0,,10.0,40.0,,,,24.1,12.9,,,62.0,14.0,,1016.9,,,
1345,7.9,12.0,,10.0,40.0,,,,24.1,12.9,,,62.0,14.0,,1016.9,,,
1346,7.9,12.0,,10.0,40.0,,,,24.1,12.9,,,62.0,14.0,,1016.9,,,
1347,7.9,12.0,,10.0,40.0,,,,24.1,12.9,,,62.0,14.0,,1016.9,,,
1348,7.9,12.0,,10.0,40.0,,,,24.1,12.9,,,62.0,14.0,,1016.9,,,
1349,7.9,12.0,,10.0,40.0,,,,24.1,12.9,,,62.0,14.0,,1016.9,,,
1350,8.9,9.0,,10.0,40.0,,,,23.0,8.1,,,53.0,14.0,,1017.5,,,
1351,8.9,9.0,,10.0,40.0,,,,23.0,8.1,,,53.0,14.0,,1017.5,,,
1352,8.9,9.0,,10.0,40.0,,,,23.0,8.1,,,53.0,14.0,,1017.5,,,
1353,8.9,9.0,,10.0,40.0,,,,23.0,8.1,,,53.0,14.0,,1017.5,,,
1354,8.9,9.0,,10.0,40.0,,,,23.0,8.1,,,53.0,14.0,,1017.5,,,
1355,8.9,9.0,,10.0,40.0,,,,23.0,8.1,,,53.0,14.0,,1017.5,,,
1356,9.9,15.0,26.0,10.0,,,,,23.0,5.0,,,46.0,11.0,,1018.1,,,
1357,9.9,15.0,26.0,10.0,,,,,23.0,5.0,,,46.0,11.0,,1018.1,,,
1358,9.9,15.0,26.0,10.0,,,,,23.0,5.0,,,46.0,11.0,,1018.1,,,
1359,9.9,15.0,26.0,10.0,,,,,23.0,5.0,,,46.0,11.0,,1018.1,,,
1360,9.9,15.0,26.0,10.0,,,,,23.0,5.0,,,46.0,11.0,,1018.1,,,
1361,9.9,15.0,26.0,10.0,,,,,23.0,5.0,,,46.0,11.0,,1018.1,,,
1362,10.9,16.0,22.0,10.0,,,,,21.9,6.1,,,50.0,9.0,,1018.6,,,
1363,10.9,16.0,22.0,10.0,,,,,21.9,6.1,,,50.0,9.0,,1018.6,,,
1364,10.9,16.0,22.0,10.0,,,,,21.9,6.1,,,50.0,9.0,,1018.6,,,
1365,10.9,16.0,22.0,10.0,,,,,21.9,6.1,,,50.0,9.0,,1018.6,,,
1366,10.9,16.0,22.0,10.0,,,,,21.9,6.1,,,50.0,9.0,,1018.6,,,
1367,10.9,16.0,22.0,10.0,,,,,21.9,6.1,,,50.0,9.0,,1018.6,,,
1368,11.9,15.0,25.0,10.0,40.0,,,,21.0,5.0,27.0,21.0,50.0,8.0,,1019.2,,,
1369,11.9,15.0,25.0,10.0,40.0,,,,21.0,5.0,27.0,21.0,50.0,8.0,,1019.2,,,
1370,11.9,15.0,25.0,10.0,40.0,,,,21.0,5.0,27.0,21.0,50.0,8.0,,1019.2,,,
1371,11.9,15.0,25.0,10.0,40.0,,,,21.0,5.0,27.0,21.0,50.0,8.0,,1019.2,,,
1372,11.9,15.0,25.0,10.0,40.0,,,,21.0,5.0,27.0,21.0,50.0,8.0,,1019.2,,,
1373,11.9,15.0,25.0,10.0,40.0,,,,21.0,5.0,27.0,21.0,50.0,8.0,,1019.2,,,
1374,12.9,17.0,26.0,10.0,,,,,21.0,5.0,,,50.0,8.0,,1019.6,,,
1375,12.9,17.0,26.0,10.0,,,,,21.0,5.0,,,50.0,8.0,,1019.6,,,
1376,12.9,17.0,26.0,10.0,,,,,21.0,5.0,,,50.0,8.0,,1019.6,,,
1377,12.9,17.0,26.0,10.0,,,,,21.0,5.0,,,50.0,8.0,,1019.6,,,
1378,12.9,17.0,26.0,10.0,,,,,21.0,5.0,,,50.0,8.0,,1019.6,,,
1379,12.9,17.0,26.0,10.0,,,,,21.0,5.0,,,50.0,8.0,,1019.6,,,
1380,13.9,15.0,25.0,10.0,,,,,21.0,5.0,,,50.0,8.0,,1020.3,,,
1381,13.9,15.0,25.0,10.0,,,,,21.0,5.0,,,50.0,8.0,,1020.3,,,
1382,13.9,15.0,25.0,10.0,,,,,21.0,5.0,,,50.0,8.0,,1020.3,,,
1383,13.9,15.0,25.0,10.0,,,,,21.0,5.0,,,50.0,8.0,,1020.3,,,
1384,13.9,15.0,25.0,10.0,,,,,21.0,5.0,,,50.0,8.0,,1020.3,,,
1385,13.9,15.0,25.0,10.0,,,,,21.0,5.0,,,50.0,8.0,,1020.3,,,
1386,14.9,18.0,26.0,10.0,250.0,,,,21.9,5.0,,,48.0,8.0,,1020.8,,,
1387,14.9,18.0,26.0,10.0,250.0,,,,21.9,5.0,,,48.0,8.0,,1020.8,,,
1388,14.9,18.0,26.0,10.0,250.0,,,,21.9,5.0,,,48.0,8.0,,1020.8,,,
1389,14.9,18.0,26.0,10.0,250.0,,,,21.9,5.0,,,48.0,8.0,,1020.8,,,
1390,14.9,18.0,26.0,10.0,250.0,,,,21.9,5.0,,,48.0,8.0,,1020.8,,,
1391,14.9,18.0,26.0,10.0,250.0,,,,21.9,5.0,,,48.0,8.0,,1020.8,,,
1392,15.9,17.0,26.0,10.0,50.0,250.0,,,21.9,3.0,,,44.0,9.0,,1020.6,,,
1393,15.9,17.0,26.0,10.0,50.0,250.0,,,21.9,3.0,,,44.0,9.0,,1020.6,,,
1394,15.9,17.0,26.0,10.0,50.0,250.0,,,21.9,3.0,,,44.0,9.0,,1020.6,,,
1395,15.9,17.0,26.0,10.0,50.0,250.0,,,21.9,3.0,,,44.0,9.0,,1020.6,,,
1396,15.9,17.0,26.0,10.0,50.0,250.0,,,21.9,3.0,,,44.0,9.0,,1020.6,,,
1397,15.9,17.0,26.0,10.0,50.0,250.0,,,21.9,3.0,,,44.0,9.0,,1020.6,,,
1398,16.9,17.0,29.0,10.0,45.0,,,,23.0,3.9,,,44.0,10.0,,1020.1,,,
1399,16.9,17.0,29.0,10.0,45.0,,,,23.0,3.9,,,44.0,10.0,,1020.1,,,
1400,16.9,17.0,29.0,10.0,45.0,,,,23.0,3.9,,,44.0,10.0,,1020.1,,,
1401,16.9,17.0,29.0,10.0,45.0,,,,23.0,3.9,,,44.0,10.0,,1020.1,,,
1402,16.9,17.0,29.0,10.0,45.0,,,,23.0,3.9,,,44.0,10.0,,1020.1,,,
1403,16.9,17.0,29.0,10.0,45.0,,,,23.0,3.9,,,44.0,10.0,,1020.1,,,
1404,17.9,20.0,25.0,10.0,50.0,,,,23.0,1.9,24.1,21.0,40.0,9.0,,1020.1,,,
1405,17.9,20.0,25.0,10.0,50.0,,,,23.0,1.9,24.1,21.0,40.0,9.0,,1020.1,,,
1406,17.9,20.0,25.0,10.0,50.0,,,,23.0,1.9,24.1,21.0,40.0,9.0,,1020.1,,,
1407,17.9,20.0,25.0,10.0,50.0,,,,23.0,1.9,24.1,21.0,40.0,9.0,,1020.1,,,
1408,17.9,20.0,25.0,10.0,50.0,,,,23.0,1.9,24.1,21.0,40.0,9.0,,1020.1,,,
1409,17.9,20.0,25.0,10.0,50.0,,,,23.0,1.9,24.1,21.0,40.0,9.0,,1020.1,,,
1410,18.9,22.0,31.0,10.0,55.0,,,,23.0,1.0,,,38.0,9.0,,1020.7,,,
1411,18.9,22.0,31.0,10.0,55.0,,,,23.0,1.0,,,38.0,9.0,,1020.7,,,
1412,18.9,22.0,31.0,10.0,55.0,,,,23.0,1.0,,,38.0,9.0,,1020.7,,,
1413,18.9,22.0,31.0,10.0,55.0,,,,23.0,1.0,,,38.0,9.0,,1020.7,,,
1414,18.9,22.0,31.0,10.0,55.0,,,,23.0,1.0,,,38.0,9.0,,1020.7,,,
1415,18.9,22.0,31.0,10.0,55.0,,,,23.0,1.0,,,38.0,9.0,,1020.7,,,
1416,19.9,21.0,33.0,10.0,55.0,250.0,,,23.0,-0.9,,,35.0,9.0,,1021.5,,,
1417,19.9,21.0,33.0,10.0,55.0,250.0,,,23.0,-0.9,,,35.0,9.0,,1021.5,,,
1418,19.9,21.0,33.0,10.0,55.0,250.0,,,23.0,-0.9,,,35.0,9.0,,1021.5,,,
1419,19.9,21.0,33.0,10.0,55.0,250.0,,,23.0,-0.9,,,35.0,9.0,,1021.5,,,
1420,19.9,21.0,33.0,10.0,55.0,250.0,,,23.0,-0.9,,,35.0,9.0,,1021.5,,,
1421,19.9,21.0,33.0,10.0,55.0,250.0,,,23.0,-0.9,,,35.0,9.0,,1021.5,,,
1422,20.9,20.0,,10.0,55.0,,,,21.9,-0.9,,,36.0,8.0,,1022.8,,,
1423,20.9,20.0,,10.0,55.0,,,,21.9,-0.9,,,36.0,8.0,,1022.8,,,
1424,20.9,20.0,,10.0,55.0,,,,21.9,-0.9,,,36.0,8.0,,1022.8,,,
1425,20.9,20.0,,10.0,55.0,,,,21.9,-0.9,,,36.0,8.0,,1022.8,,,
1426,20.9,20.0,,10.0,55.0,,,,21.9,-0.9,,,36.0,8.0,,1022.8,,,
1427,20.9,20.0,,10.0,55.0,,,,21.9,-0.9,,,36.0,8.0,,1022.8,,,
