weather_idx,chunk_id,count,start_date,start_time,end_date,end_time,avg_date,avg_time,co2_mean,um03_mean,weather_idx_1,weather_idx_2,weather_idx_3,weather_idx_4
4.0,1,264,2026-01-08,21.65222222222222,2026-01-08,22.3825,2026-01-08,22.01736111111111,344.4469696969697,698.1174242424242,3.0,2.0,1.0,0.0
5.0,1,360,2026-01-08,22.385277777777777,2026-01-08,23.3825,2026-01-08,22.88388888888889,403.81111111111113,1148.5333333333333,4.0,3.0,2.0,1.0
6.0,1,360,2026-01-08,23.385277777777777,2026-01-09,0.3822222222222222,2026-01-08,11.88375,405.96666666666664,1251.9277777777777,5.0,4.0,3.0,2.0
7.0,1,357,2026-01-09,0.4016666666666666,2026-01-09,1.3905555555555555,2026-01-09,0.8961111111111111,447.5014005602241,1631.6302521008404,6.0,5.0,4.0,3.0
8.0,1,357,2026-01-09,1.393333333333333,2026-01-09,2.3819444444444446,2026-01-09,1.8876388888888889,432.0840336134454,1481.3361344537816,7.0,6.0,5.0,4.0
9.0,1,360,2026-01-09,2.3847222222222224,2026-01-09,3.3819444444444446,2026-01-09,2.8833333333333337,442.44444444444446,1653.9166666666667,8.0,7.0,6.0,5.0
10.0,1,360,2026-01-09,3.3847222222222224,2026-01-09,4.381944444444444,2026-01-09,3.883333333333333,462.9972222222222,1764.6083333333333,9.0,8.0,7.0,6.0
11.0,1,360,2026-01-09,4.4013888888888895,2026-01-09,5.398333333333333,2026-01-09,4.899861111111111,493.2583333333333,2043.9027777777778,10.0,9.0,8.0,7.0
12.0,1,360,2026-01-09,5.401111111111112,2026-01-09,6.398333333333333,2026-01-09,5.8997222222222225,507.64166666666665,2039.7555555555555,11.0,10.0,9.0,8.0
13.0,1,360,2026-01-09,6.401111111111112,2026-01-09,7.398333333333333,2026-01-09,6.8997222222222225,504.18333333333334,1912.2555555555555,12.0,11.0,10.0,9.0
14.0,1,360,2026-01-09,7.401111111111112,2026-01-09,8.398333333333333,2026-01-09,7.8997222222222225,487.02222222222224,1736.0583333333334,13.0,12.0,11.0,10.0
15.0,1,360,2026-01-09,8.401111111111112,2026-01-09,9.398055555555556,2026-01-09,8.899583333333334,483.48333333333335,1713.7333333333333,14.0,13.0,12.0,11.0
16.0,1,360,2026-01-09,9.400833333333331,2026-01-09,10.398055555555556,2026-01-09,9.899444444444445,493.5388888888889,1754.3638888888888,15.0,14.0,13.0,12.0
17.0,1,360,2026-01-09,10.400833333333331,2026-01-09,11.398055555555556,2026-01-09,10.899444444444445,514.7166666666667,1751.3972222222221,16.0,15.0,14.0,13.0
18.0,1,360,2026-01-09,11.400833333333331,2026-01-09,12.397777777777778,2026-01-09,11.899305555555554,523.1861111111111,1961.05,17.0,16.0,15.0,14.0
19.0,1,360,2026-01-09,12.400555555555556,2026-01-09,13.397777777777778,2026-01-09,12.899166666666666,507.1361111111111,2245.4416666666666,18.0,17.0,16.0,15.0
20.0,1,360,2026-01-09,13.400555555555556,2026-01-09,14.397777777777778,2026-01-09,13.899166666666666,420.0777777777778,1910.0083333333334,19.0,18.0,17.0,16.0
21.0,1,360,2026-01-09,14.400555555555556,2026-01-09,15.3975,2026-01-09,14.899027777777778,394.69444444444446,1589.9277777777777,20.0,19.0,18.0,17.0
22.0,1,357,2026-01-09,15.400277777777776,2026-01-09,16.389166666666664,2026-01-09,15.89472222222222,394.5406162464986,1917.9859943977592,21.0,20.0,19.0,18.0
23.0,1,82,2026-01-09,16.391944444444444,2026-01-09,16.616944444444446,2026-01-09,16.504444444444445,398.4756097560976,2839.1341463414633,22.0,21.0,20.0,19.0
24.0,1,234,2026-01-09,17.735277777777778,2026-01-09,18.3825,2026-01-09,18.058888888888887,393.70940170940173,824.5,23.0,22.0,21.0,20.0
25.0,1,360,2026-01-09,18.385277777777777,2026-01-09,19.3825,2026-01-09,18.88388888888889,399.27777777777777,507.13055555555553,24.0,23.0,22.0,21.0
26.0,1,360,2026-01-09,19.385277777777777,2026-01-09,20.38222222222222,2026-01-09,19.88375,394.59722222222223,352.3388888888889,25.0,24.0,23.0,22.0
27.0,1,360,2026-01-09,20.385,2026-01-09,21.38222222222222,2026-01-09,20.88361111111111,393.725,423.65,26.0,25.0,24.0,23.0
28.0,1,360,2026-01-09,21.385,2026-01-09,22.38222222222222,2026-01-09,21.88361111111111,394.76666666666665,442.0027777777778,27.0,26.0,25.0,24.0
29.0,1,360,2026-01-09,22.385,2026-01-09,23.381944444444446,2026-01-09,22.883472222222224,390.2638888888889,419.7611111111111,28.0,27.0,26.0,25.0
30.0,1,360,2026-01-09,23.384722222222223,2026-01-10,0.3819444444444444,2026-01-09,11.883333333333333,387.7027777777778,799.1527777777778,29.0,28.0,27.0,26.0
31.0,1,357,2026-01-10,0.4013888888888889,2026-01-10,1.3902777777777775,2026-01-10,0.8958333333333333,387.8067226890756,734.9047619047619,30.0,29.0,28.0,27.0
32.0,1,357,2026-01-10,1.3930555555555555,2026-01-10,2.381666666666667,2026-01-10,1.8873611111111113,389.109243697479,909.8011204481793,31.0,30.0,29.0,28.0
33.0,1,360,2026-01-10,2.3844444444444446,2026-01-10,3.381666666666667,2026-01-10,2.883055555555556,384.68055555555554,635.3555555555556,32.0,31.0,30.0,29.0
34.0,1,360,2026-01-10,3.3844444444444446,2026-01-10,4.381388888888888,2026-01-10,3.8829166666666666,381.3305555555556,942.0,33.0,32.0,31.0,30.0
35.0,1,360,2026-01-10,4.400833333333334,2026-01-10,5.398055555555556,2026-01-10,4.899444444444445,384.09166666666664,1299.0472222222222,34.0,33.0,32.0,31.0
36.0,1,360,2026-01-10,5.400833333333334,2026-01-10,6.398055555555556,2026-01-10,5.899444444444445,386.44166666666666,1266.8916666666667,35.0,34.0,33.0,32.0
37.0,1,360,2026-01-10,6.400833333333334,2026-01-10,7.397777777777778,2026-01-10,6.899305555555555,384.8277777777778,912.8916666666667,36.0,35.0,34.0,33.0
38.0,1,360,2026-01-10,7.400555555555556,2026-01-10,8.397777777777778,2026-01-10,7.899166666666667,386.81388888888887,1062.7916666666667,37.0,36.0,35.0,34.0
39.0,1,91,2026-01-10,8.400555555555556,2026-01-10,8.650555555555556,2026-01-10,8.525555555555556,387.5934065934066,2236.6373626373625,38.0,37.0,36.0,35.0
53.0,1,6,2026-01-10,23.36888888888889,2026-01-10,23.38277777777778,2026-01-10,23.375833333333333,454.6666666666667,566.3333333333334,52.0,51.0,50.0,49.0
54.0,1,360,2026-01-10,23.385555555555555,2026-01-11,0.3827777777777778,2026-01-10,11.884166666666667,396.06111111111113,632.8666666666667,53.0,52.0,51.0,50.0
55.0,1,357,2026-01-11,0.4022222222222222,2026-01-11,1.3908333333333334,2026-01-11,0.8965277777777778,396.77591036414566,728.6666666666666,54.0,53.0,52.0,51.0
56.0,1,357,2026-01-11,1.3936111111111111,2026-01-11,2.3825,2026-01-11,1.8880555555555554,385.2913165266107,394.18767507002804,55.0,54.0,53.0,52.0
57.0,1,360,2026-01-11,2.3852777777777776,2026-01-11,3.3822222222222225,2026-01-11,2.88375,399.3388888888889,277.9111111111111,56.0,55.0,54.0,53.0
58.0,1,360,2026-01-11,3.385,2026-01-11,4.382222222222222,2026-01-11,3.8836111111111107,396.01944444444445,258.71666666666664,57.0,56.0,55.0,54.0
59.0,1,360,2026-01-11,4.401666666666667,2026-01-11,5.398611111111111,2026-01-11,4.90013888888889,390.5444444444444,168.38055555555556,58.0,57.0,56.0,55.0
60.0,1,360,2026-01-11,5.4013888888888895,2026-01-11,6.398611111111111,2026-01-11,5.9,387.3361111111111,150.1027777777778,59.0,58.0,57.0,56.0
61.0,1,360,2026-01-11,6.4013888888888895,2026-01-11,7.398611111111111,2026-01-11,6.9,387.59166666666664,100.17222222222222,60.0,59.0,58.0,57.0
62.0,1,360,2026-01-11,7.4013888888888895,2026-01-11,8.398333333333333,2026-01-11,7.899861111111111,391.1333333333333,120.23055555555555,61.0,60.0,59.0,58.0
63.0,1,360,2026-01-11,8.401111111111112,2026-01-11,9.398333333333332,2026-01-11,8.899722222222222,388.56666666666666,67.225,62.0,61.0,60.0,59.0
64.0,1,360,2026-01-11,9.401111111111112,2026-01-11,10.398055555555556,2026-01-11,9.899583333333334,387.55,76.11111111111111,63.0,62.0,61.0,60.0
65.0,1,360,2026-01-11,10.400833333333331,2026-01-11,11.398055555555556,2026-01-11,10.899444444444445,387.5861111111111,109.97222222222223,64.0,63.0,62.0,61.0
66.0,1,360,2026-01-11,11.400833333333331,2026-01-11,12.398055555555556,2026-01-11,11.899444444444445,387.75,144.55555555555554,65.0,64.0,63.0,62.0
67.0,1,360,2026-01-11,12.400833333333331,2026-01-11,13.397777777777778,2026-01-11,12.899305555555554,388.4166666666667,321.3611111111111,66.0,65.0,64.0,63.0
68.0,1,360,2026-01-11,13.400555555555556,2026-01-11,14.397777777777778,2026-01-11,13.899166666666666,387.2083333333333,483.0777777777778,67.0,66.0,65.0,64.0
69.0,1,360,2026-01-11,14.400555555555556,2026-01-11,15.397777777777778,2026-01-11,14.899166666666666,386.81111111111113,393.2027777777778,68.0,67.0,66.0,65.0
70.0,1,357,2026-01-11,15.400555555555556,2026-01-11,16.389166666666664,2026-01-11,15.89486111111111,386.7310924369748,448.2913165266107,69.0,68.0,67.0,66.0
71.0,1,357,2026-01-11,16.391944444444444,2026-01-11,17.380833333333335,2026-01-11,16.886388888888888,384.4985994397759,338.47899159663865,70.0,69.0,68.0,67.0
72.0,1,360,2026-01-11,17.38361111111111,2026-01-11,18.38083333333333,2026-01-11,17.88222222222222,386.8666666666667,283.65277777777777,71.0,70.0,69.0,68.0
73.0,1,360,2026-01-11,18.38361111111111,2026-01-11,19.38055555555556,2026-01-11,18.882083333333334,388.5888888888889,258.5722222222222,72.0,71.0,70.0,69.0
74.0,1,108,2026-01-11,19.383333333333333,2026-01-11,19.68055555555556,2026-01-11,19.53194444444445,385.74074074074076,180.36111111111111,73.0,72.0,71.0,70.0
78.0,1,66,2026-01-12,0.2022222222222222,2026-01-12,0.3827777777777778,2026-01-12,0.2925,383.1060606060606,407.1666666666667,77.0,76.0,75.0,74.0
79.0,1,357,2026-01-12,0.4022222222222222,2026-01-12,1.3911111111111112,2026-01-12,0.8966666666666667,400.41456582633054,399.7142857142857,78.0,77.0,76.0,75.0
80.0,1,357,2026-01-12,1.393888888888889,2026-01-12,2.3825,2026-01-12,1.8881944444444443,400.13165266106444,380.54901960784315,79.0,78.0,77.0,76.0
81.0,1,360,2026-01-12,2.3852777777777776,2026-01-12,3.3825,2026-01-12,2.8838888888888885,399.68611111111113,385.68888888888887,80.0,79.0,78.0,77.0
82.0,1,360,2026-01-12,3.3852777777777776,2026-01-12,4.382222222222222,2026-01-12,3.8837499999999996,401.06944444444446,331.59722222222223,81.0,80.0,79.0,78.0
83.0,1,360,2026-01-12,4.401666666666667,2026-01-12,5.398888888888889,2026-01-12,4.900277777777778,400.30555555555554,165.79444444444445,82.0,81.0,80.0,79.0
84.0,1,360,2026-01-12,6.4013888888888895,2026-01-12,7.398611111111111,2026-01-12,6.9,401.84722222222223,164.55277777777778,83.0,82.0,81.0,80.0
85.0,1,360,2026-01-12,7.4013888888888895,2026-01-12,8.39861111111111,2026-01-12,7.9,400.925,135.25555555555556,84.0,83.0,82.0,81.0
86.0,1,360,2026-01-12,8.401388888888889,2026-01-12,9.398333333333332,2026-01-12,8.899861111111111,400.68055555555554,147.47222222222223,85.0,84.0,83.0,82.0
87.0,1,360,2026-01-12,9.401111111111112,2026-01-12,10.398333333333332,2026-01-12,9.899722222222222,400.1777777777778,151.73333333333332,86.0,85.0,84.0,83.0
88.0,1,360,2026-01-12,10.401111111111112,2026-01-12,11.398055555555556,2026-01-12,10.899583333333334,402.34722222222223,149.51388888888889,87.0,86.0,85.0,84.0
89.0,1,360,2026-01-12,11.400833333333331,2026-01-12,12.398055555555556,2026-01-12,11.899444444444445,405.40555555555557,146.91944444444445,88.0,87.0,86.0,85.0
90.0,1,360,2026-01-12,12.400833333333331,2026-01-12,13.398055555555556,2026-01-12,12.899444444444445,406.43888888888887,155.9138888888889,89.0,88.0,87.0,86.0
91.0,1,360,2026-01-12,13.400833333333331,2026-01-12,14.397777777777778,2026-01-12,13.899305555555554,405.65,114.43055555555556,90.0,89.0,88.0,87.0
92.0,1,360,2026-01-12,14.400555555555556,2026-01-12,15.397777777777778,2026-01-12,14.899166666666666,405.27777777777777,105.98611111111111,91.0,90.0,89.0,88.0
93.0,1,357,2026-01-12,15.400555555555556,2026-01-12,16.389166666666664,2026-01-12,15.89486111111111,406.5658263305322,95.67226890756302,92.0,91.0,90.0,89.0
94.0,1,357,2026-01-12,16.391944444444444,2026-01-12,17.380833333333335,2026-01-12,16.886388888888888,406.0420168067227,84.39775910364146,93.0,92.0,91.0,90.0
95.0,1,360,2026-01-12,17.38361111111111,2026-01-12,18.38083333333333,2026-01-12,17.88222222222222,407.2027777777778,123.47222222222223,94.0,93.0,92.0,91.0
96.0,1,360,2026-01-12,18.38361111111111,2026-01-12,19.38055555555556,2026-01-12,18.882083333333334,409.22222222222223,176.775,95.0,94.0,93.0,92.0
97.0,1,360,2026-01-12,19.383333333333333,2026-01-12,20.38055555555556,2026-01-12,19.881944444444446,409.86944444444447,185.67222222222222,96.0,95.0,94.0,93.0
98.0,1,347,2026-01-12,20.383333333333333,2026-01-12,21.38277777777778,2026-01-12,20.883055555555558,414.4351585014409,238.60806916426512,97.0,96.0,95.0,94.0
99.0,1,360,2026-01-12,21.385555555555555,2026-01-12,22.3825,2026-01-12,21.884027777777778,424.0888888888889,352.6388888888889,98.0,97.0,96.0,95.0
100.0,1,360,2026-01-12,22.385277777777777,2026-01-12,23.3825,2026-01-12,22.88388888888889,437.8388888888889,523.2888888888889,99.0,98.0,97.0,96.0
101.0,1,360,2026-01-12,23.385277777777777,2026-01-13,0.3822222222222222,2026-01-12,11.88375,472.8305555555556,1164.0305555555556,100.0,99.0,98.0,97.0
102.0,1,357,2026-01-13,0.4016666666666666,2026-01-13,1.3905555555555555,2026-01-13,0.8961111111111111,445.8515406162465,812.0392156862745,101.0,100.0,99.0,98.0
103.0,1,357,2026-01-13,1.393333333333333,2026-01-13,2.3822222222222225,2026-01-13,1.8877777777777778,425.2997198879552,671.3557422969187,102.0,101.0,100.0,99.0
104.0,1,360,2026-01-13,2.385,2026-01-13,3.3819444444444446,2026-01-13,2.883472222222222,428.3305555555556,793.75,103.0,102.0,101.0,100.0
105.0,1,360,2026-01-13,3.3847222222222224,2026-01-13,4.381944444444444,2026-01-13,3.883333333333333,422.85555555555555,824.7194444444444,104.0,103.0,102.0,101.0
106.0,1,360,2026-01-13,4.4013888888888895,2026-01-13,5.398333333333333,2026-01-13,4.899861111111111,421.39444444444445,852.8472222222222,105.0,104.0,103.0,102.0
107.0,1,360,2026-01-13,5.401111111111112,2026-01-13,6.398333333333333,2026-01-13,5.8997222222222225,419.44444444444446,905.3027777777778,106.0,105.0,104.0,103.0
108.0,1,360,2026-01-13,6.401111111111112,2026-01-13,7.398055555555556,2026-01-13,6.899583333333334,418.4138888888889,950.0583333333333,107.0,106.0,105.0,104.0
109.0,1,360,2026-01-13,7.400833333333334,2026-01-13,8.398055555555555,2026-01-13,7.899444444444445,418.9472222222222,987.7083333333334,108.0,107.0,106.0,105.0
110.0,1,360,2026-01-13,8.400833333333333,2026-01-13,9.398055555555556,2026-01-13,8.899444444444445,419.39722222222224,1043.1416666666667,109.0,108.0,107.0,106.0
111.0,1,360,2026-01-13,9.400833333333331,2026-01-13,10.397777777777778,2026-01-13,9.899305555555554,420.69444444444446,1100.361111111111,110.0,109.0,108.0,107.0
112.0,1,360,2026-01-13,10.400555555555556,2026-01-13,11.397777777777778,2026-01-13,10.899166666666666,423.23055555555555,1136.85,111.0,110.0,109.0,108.0
113.0,1,360,2026-01-13,11.400555555555556,2026-01-13,12.3975,2026-01-13,11.899027777777778,427.5388888888889,1198.0194444444444,112.0,111.0,110.0,109.0
114.0,1,360,2026-01-13,12.400277777777776,2026-01-13,13.3975,2026-01-13,12.898888888888887,430.44444444444446,1252.8777777777777,113.0,112.0,111.0,110.0
115.0,1,360,2026-01-13,13.400277777777776,2026-01-13,14.397222222222222,2026-01-13,13.89875,427.94166666666666,1320.275,114.0,113.0,112.0,111.0
116.0,1,360,2026-01-13,14.4,2026-01-13,15.397222222222222,2026-01-13,14.898611111111112,423.96666666666664,1353.3083333333334,115.0,114.0,113.0,112.0
117.0,1,357,2026-01-13,15.4,2026-01-13,16.38888888888889,2026-01-13,15.894444444444446,418.0364145658263,1473.904761904762,116.0,115.0,114.0,113.0
118.0,1,358,2026-01-13,16.391666666666666,2026-01-13,17.383055555555558,2026-01-13,16.88736111111111,416.60614525139664,1404.8435754189943,117.0,116.0,115.0,114.0
119.0,1,360,2026-01-13,17.385833333333334,2026-01-13,18.38305555555556,2026-01-13,17.884444444444448,417.6388888888889,1314.7388888888888,118.0,117.0,116.0,115.0
144.0,1,335,2026-01-13,18.38583333333333,2026-01-13,19.3825,2026-01-13,18.884166666666665,421.71343283582087,1353.6179104477612,143.0,142.0,141.0,140.0
145.0,1,360,2026-01-13,19.385277777777777,2026-01-13,20.3825,2026-01-13,19.88388888888889,422.65277777777777,2813.277777777778,144.0,143.0,142.0,141.0
146.0,1,360,2026-01-13,20.385277777777777,2026-01-13,21.38222222222222,2026-01-13,20.88375,426.6111111111111,3678.1277777777777,145.0,144.0,143.0,142.0
147.0,1,360,2026-01-13,21.385,2026-01-13,22.38222222222222,2026-01-13,21.88361111111111,429.56666666666666,5848.722222222223,146.0,145.0,144.0,143.0
148.0,1,360,2026-01-13,22.385,2026-01-13,23.381944444444446,2026-01-13,22.883472222222224,430.5805555555556,1437.1666666666667,147.0,146.0,145.0,144.0
149.0,1,360,2026-01-13,23.384722222222223,2026-01-14,0.3819444444444444,2026-01-13,11.883333333333333,426.7,1700.1722222222222,148.0,147.0,146.0,145.0
150.0,1,360,2026-01-14,0.4013888888888889,2026-01-14,1.398611111111111,2026-01-14,0.8999999999999999,423.7388888888889,1627.486111111111,149.0,148.0,147.0,146.0
151.0,1,360,2026-01-14,2.3844444444444446,2026-01-14,3.381666666666667,2026-01-14,2.883055555555556,420.77777777777777,1049.9166666666667,150.0,149.0,148.0,147.0
152.0,1,360,2026-01-14,3.3844444444444446,2026-01-14,4.381666666666666,2026-01-14,3.883055555555555,417.0527777777778,860.775,151.0,150.0,149.0,148.0
153.0,1,360,2026-01-14,4.401111111111112,2026-01-14,5.398055555555556,2026-01-14,4.899583333333334,414.0111111111111,868.2111111111111,152.0,151.0,150.0,149.0
154.0,1,360,2026-01-14,5.400833333333334,2026-01-14,6.398055555555556,2026-01-14,5.899444444444445,412.3277777777778,933.8638888888889,153.0,152.0,151.0,150.0
155.0,1,360,2026-01-14,6.400833333333334,2026-01-14,7.397777777777778,2026-01-14,6.899305555555555,411.64166666666665,882.525,154.0,153.0,152.0,151.0
156.0,1,360,2026-01-14,7.400555555555556,2026-01-14,8.397777777777778,2026-01-14,7.899166666666667,410.3777777777778,876.4444444444445,155.0,154.0,153.0,152.0
157.0,1,360,2026-01-14,8.400555555555556,2026-01-14,9.3975,2026-01-14,8.899027777777778,409.9277777777778,902.2277777777778,156.0,155.0,154.0,153.0
158.0,1,360,2026-01-14,9.400277777777776,2026-01-14,10.3975,2026-01-14,9.898888888888887,410.9,906.0111111111111,157.0,156.0,155.0,154.0
159.0,1,360,2026-01-14,10.400277777777776,2026-01-14,11.397222222222222,2026-01-14,10.89875,414.7527777777778,957.8416666666667,158.0,157.0,156.0,155.0
160.0,1,360,2026-01-14,11.4,2026-01-14,12.397222222222222,2026-01-14,11.898611111111112,422.63055555555553,1089.3833333333334,159.0,158.0,157.0,156.0
161.0,1,361,2026-01-14,12.4,2026-01-14,13.399722222222222,2026-01-14,12.899861111111111,426.37673130193906,1113.3296398891966,160.0,159.0,158.0,157.0
162.0,1,360,2026-01-14,13.4025,2026-01-14,14.399722222222222,2026-01-14,13.90111111111111,427.00555555555553,1271.0055555555555,161.0,160.0,159.0,158.0
163.0,1,360,2026-01-14,14.4025,2026-01-14,15.399444444444445,2026-01-14,14.900972222222222,424.3388888888889,3530.7305555555554,162.0,161.0,160.0,159.0
164.0,1,357,2026-01-14,15.402222222222225,2026-01-14,16.391111111111112,2026-01-14,15.896666666666668,424.8879551820728,1444.266106442577,163.0,162.0,161.0,160.0
165.0,1,357,2026-01-14,16.39388888888889,2026-01-14,17.3825,2026-01-14,16.888194444444444,422.2436974789916,1198.9103641456581,164.0,163.0,162.0,161.0
166.0,1,360,2026-01-14,17.385277777777777,2026-01-14,18.3825,2026-01-14,17.88388888888889,425.975,1167.4444444444443,165.0,164.0,163.0,162.0
167.0,1,360,2026-01-14,18.385277777777777,2026-01-14,19.38222222222222,2026-01-14,18.88375,429.77777777777777,1264.8138888888889,166.0,165.0,164.0,163.0
168.0,1,283,2026-01-14,19.385,2026-01-14,20.38277777777778,2026-01-14,19.88388888888889,439.36042402826854,1194.4734982332157,167.0,166.0,165.0,164.0
169.0,1,360,2026-01-14,20.385555555555555,2026-01-14,21.38277777777778,2026-01-14,20.884166666666665,430.9861111111111,1203.5416666666667,168.0,167.0,166.0,165.0
170.0,1,360,2026-01-14,21.385555555555555,2026-01-14,22.3825,2026-01-14,21.884027777777778,430.93055555555554,1201.9611111111112,169.0,168.0,167.0,166.0
171.0,1,360,2026-01-14,22.385277777777777,2026-01-14,23.3825,2026-01-14,22.88388888888889,433.60555555555555,1300.9305555555557,170.0,169.0,168.0,167.0
172.0,1,360,2026-01-14,23.385277777777777,2026-01-15,0.3822222222222222,2026-01-14,11.88375,429.80833333333334,1441.7277777777779,171.0,170.0,169.0,168.0
173.0,1,357,2026-01-15,0.4016666666666666,2026-01-15,1.3905555555555555,2026-01-15,0.8961111111111111,427.3417366946779,2135.5042016806724,172.0,171.0,170.0,169.0
174.0,1,357,2026-01-15,1.393333333333333,2026-01-15,2.3819444444444446,2026-01-15,1.8876388888888889,423.57142857142856,2985.173669467787,173.0,172.0,171.0,170.0
175.0,1,360,2026-01-15,2.3847222222222224,2026-01-15,3.3819444444444446,2026-01-15,2.8833333333333337,418.63055555555553,4022.883333333333,174.0,173.0,172.0,171.0
176.0,1,360,2026-01-15,3.3847222222222224,2026-01-15,4.381666666666666,2026-01-15,3.8831944444444444,420.0777777777778,4926.4638888888885,175.0,174.0,173.0,172.0
177.0,1,360,2026-01-15,4.401111111111112,2026-01-15,5.398333333333333,2026-01-15,4.8997222222222225,424.525,2934.713888888889,176.0,175.0,174.0,173.0
178.0,1,360,2026-01-15,5.401111111111112,2026-01-15,6.398333333333333,2026-01-15,5.8997222222222225,426.10555555555555,3817.0416666666665,177.0,176.0,175.0,174.0
179.0,1,360,2026-01-15,6.401111111111112,2026-01-15,7.398055555555556,2026-01-15,6.899583333333334,420.00555555555553,4283.75,178.0,177.0,176.0,175.0
180.0,1,360,2026-01-15,8.400833333333333,2026-01-15,9.397777777777778,2026-01-15,8.899305555555555,420.55,2023.1527777777778,179.0,178.0,177.0,176.0
181.0,1,360,2026-01-15,9.400555555555556,2026-01-15,10.397777777777778,2026-01-15,9.899166666666666,413.7027777777778,2533.9166666666665,180.0,179.0,178.0,177.0
182.0,1,360,2026-01-15,10.400555555555556,2026-01-15,11.3975,2026-01-15,10.899027777777778,412.9166666666667,3329.9333333333334,181.0,180.0,179.0,178.0
183.0,1,360,2026-01-15,11.400277777777776,2026-01-15,12.3975,2026-01-15,11.898888888888887,411.3777777777778,3573.4527777777776,182.0,181.0,180.0,179.0
184.0,1,360,2026-01-15,12.400277777777776,2026-01-15,13.397222222222222,2026-01-15,12.89875,414.43888888888887,3758.088888888889,183.0,182.0,181.0,180.0
185.0,1,360,2026-01-15,13.4,2026-01-15,14.397222222222222,2026-01-15,13.898611111111112,414.88055555555553,3244.347222222222,184.0,183.0,182.0,181.0
186.0,1,361,2026-01-15,14.4,2026-01-15,15.399722222222222,2026-01-15,14.899861111111111,407.2714681440443,4880.152354570637,185.0,184.0,183.0,182.0
187.0,1,357,2026-01-15,15.4025,2026-01-15,16.391388888888887,2026-01-15,15.896944444444443,408.2577030812325,3275.112044817927,186.0,185.0,184.0,183.0
188.0,1,357,2026-01-15,16.394166666666667,2026-01-15,17.38277777777778,2026-01-15,16.888472222222223,408.82633053221286,2010.6050420168067,187.0,186.0,185.0,184.0
189.0,1,360,2026-01-15,17.385555555555555,2026-01-15,18.38277777777778,2026-01-15,17.884166666666665,407.28333333333336,1239.6444444444444,188.0,187.0,186.0,185.0
190.0,1,336,2026-01-15,18.385555555555555,2026-01-15,19.3825,2026-01-15,18.884027777777778,408.6934523809524,1087.5208333333333,189.0,188.0,187.0,186.0
191.0,1,360,2026-01-15,19.385277777777777,2026-01-15,20.3825,2026-01-15,19.88388888888889,409.8861111111111,1269.7277777777779,190.0,189.0,188.0,187.0
192.0,1,360,2026-01-15,20.385277777777777,2026-01-15,21.3825,2026-01-15,20.88388888888889,410.26944444444445,1237.9194444444445,191.0,190.0,189.0,188.0
193.0,1,360,2026-01-15,21.385277777777777,2026-01-15,22.38222222222222,2026-01-15,21.88375,406.02777777777777,1263.8722222222223,192.0,191.0,190.0,189.0
194.0,1,360,2026-01-15,22.385,2026-01-15,23.38222222222222,2026-01-15,22.88361111111111,404.81111111111113,821.1194444444444,193.0,192.0,191.0,190.0
195.0,1,360,2026-01-15,23.385,2026-01-16,0.3819444444444444,2026-01-15,11.883472222222222,398.9,364.5444444444444,194.0,193.0,192.0,191.0
196.0,1,357,2026-01-16,0.4013888888888889,2026-01-16,1.3902777777777775,2026-01-16,0.8958333333333333,395.82633053221286,186.36974789915968,195.0,194.0,193.0,192.0
198.0,1,357,2026-01-16,1.3930555555555555,2026-01-16,2.3819444444444446,2026-01-16,1.8875000000000002,392.7955182072829,187.74789915966386,197.0,196.0,195.0,194.0
199.0,1,360,2026-01-16,2.3847222222222224,2026-01-16,3.381666666666667,2026-01-16,2.8831944444444444,391.23055555555555,159.325,198.0,197.0,196.0,195.0
200.0,1,360,2026-01-16,3.3844444444444446,2026-01-16,4.381666666666666,2026-01-16,3.883055555555555,391.59444444444443,146.4388888888889,199.0,198.0,197.0,196.0
201.0,1,360,2026-01-16,4.401111111111112,2026-01-16,5.398055555555556,2026-01-16,4.899583333333334,390.35555555555555,149.50833333333333,200.0,199.0,198.0,197.0
202.0,1,360,2026-01-16,5.400833333333334,2026-01-16,6.398055555555556,2026-01-16,5.899444444444445,388.23055555555555,157.80277777777778,201.0,200.0,199.0,198.0
203.0,1,360,2026-01-16,6.400833333333334,2026-01-16,7.398055555555556,2026-01-16,6.899444444444445,387.76944444444445,150.83333333333334,202.0,201.0,200.0,199.0
204.0,1,360,2026-01-16,7.400833333333334,2026-01-16,8.397777777777778,2026-01-16,7.899305555555555,387.4166666666667,231.94722222222222,203.0,202.0,201.0,200.0
205.0,1,360,2026-01-16,8.400555555555556,2026-01-16,9.397777777777778,2026-01-16,8.899166666666666,386.0722222222222,191.49444444444444,204.0,203.0,202.0,201.0
206.0,1,360,2026-01-16,9.400555555555556,2026-01-16,10.3975,2026-01-16,9.899027777777778,386.31111111111113,205.5222222222222,205.0,204.0,203.0,202.0
207.0,1,360,2026-01-16,10.400277777777776,2026-01-16,11.3975,2026-01-16,10.898888888888887,385.0805555555556,125.54722222222222,206.0,205.0,204.0,203.0
208.0,1,360,2026-01-16,11.400277777777776,2026-01-16,12.397222222222222,2026-01-16,11.89875,384.09166666666664,50.580555555555556,207.0,206.0,205.0,204.0
209.0,1,360,2026-01-16,12.4,2026-01-16,13.397222222222222,2026-01-16,12.898611111111112,383.35833333333335,56.24444444444445,208.0,207.0,206.0,205.0
210.0,1,360,2026-01-16,13.4,2026-01-16,14.397222222222222,2026-01-16,13.898611111111112,384.64722222222224,65.41944444444445,209.0,208.0,207.0,206.0
211.0,1,361,2026-01-16,14.4,2026-01-16,15.399722222222222,2026-01-16,14.899861111111111,387.0360110803324,101.6398891966759,210.0,209.0,208.0,207.0
212.0,1,357,2026-01-16,15.4025,2026-01-16,16.391388888888887,2026-01-16,15.896944444444443,388.5686274509804,93.91036414565826,211.0,210.0,209.0,208.0
213.0,1,357,2026-01-16,16.394166666666667,2026-01-16,17.38277777777778,2026-01-16,16.888472222222223,390.07282913165267,141.34733893557424,212.0,211.0,210.0,209.0
214.0,1,360,2026-01-16,17.385555555555555,2026-01-16,18.38277777777778,2026-01-16,17.884166666666665,393.05,76.04444444444445,213.0,212.0,211.0,210.0
215.0,1,360,2026-01-16,18.385555555555555,2026-01-16,19.38277777777778,2026-01-16,18.884166666666665,395.46666666666664,103.98611111111111,214.0,213.0,212.0,211.0
216.0,1,360,2026-01-16,19.385555555555555,2026-01-16,20.3825,2026-01-16,19.884027777777778,396.5777777777778,117.00833333333334,215.0,214.0,213.0,212.0
217.0,1,120,2026-01-16,20.385277777777777,2026-01-16,20.71583333333333,2026-01-16,20.550555555555555,399.39166666666665,117.15833333333333,216.0,215.0,214.0,213.0
218.0,1,144,2026-01-16,21.98555555555556,2026-01-16,22.38277777777778,2026-01-16,22.18416666666667,396.5763888888889,881.0902777777778,217.0,216.0,215.0,214.0
219.0,1,360,2026-01-16,22.385555555555555,2026-01-16,23.3825,2026-01-16,22.884027777777778,399.775,168.6861111111111,218.0,217.0,216.0,215.0
220.0,1,360,2026-01-16,23.385277777777777,2026-01-17,0.3824999999999999,2026-01-16,11.883888888888889,402.97222222222223,238.82222222222222,219.0,218.0,217.0,216.0
221.0,1,357,2026-01-17,0.4019444444444445,2026-01-17,1.3905555555555555,2026-01-17,0.89625,405.2352941176471,311.6806722689076,220.0,219.0,218.0,217.0
222.0,1,357,2026-01-17,1.393333333333333,2026-01-17,2.3822222222222225,2026-01-17,1.8877777777777778,409.2633053221289,441.0812324929972,221.0,220.0,219.0,218.0
223.0,1,360,2026-01-17,2.385,2026-01-17,3.3822222222222225,2026-01-17,2.883611111111111,414.5361111111111,688.025,222.0,221.0,220.0,219.0
224.0,1,360,2026-01-17,3.385,2026-01-17,4.381944444444444,2026-01-17,3.8834722222222218,421.6138888888889,845.8361111111111,223.0,222.0,221.0,220.0
225.0,1,360,2026-01-17,4.4013888888888895,2026-01-17,5.398611111111111,2026-01-17,4.9,421.84444444444443,995.6444444444444,224.0,223.0,222.0,221.0
226.0,1,360,2026-01-17,5.4013888888888895,2026-01-17,6.398333333333333,2026-01-17,5.899861111111111,421.9166666666667,826.6666666666666,225.0,224.0,223.0,222.0
227.0,1,360,2026-01-17,6.401111111111112,2026-01-17,7.398333333333333,2026-01-17,6.8997222222222225,422.53055555555557,810.5833333333334,226.0,225.0,224.0,223.0
228.0,1,360,2026-01-17,7.401111111111112,2026-01-17,8.398055555555555,2026-01-17,7.899583333333333,424.0722222222222,901.5166666666667,227.0,226.0,225.0,224.0
229.0,1,360,2026-01-17,8.400833333333333,2026-01-17,9.398055555555556,2026-01-17,8.899444444444445,426.98055555555555,1057.8694444444445,228.0,227.0,226.0,225.0
230.0,1,360,2026-01-17,9.400833333333331,2026-01-17,10.398055555555556,2026-01-17,9.899444444444445,427.24444444444447,1176.05,229.0,228.0,227.0,226.0
231.0,1,360,2026-01-17,10.400833333333331,2026-01-17,11.397777777777778,2026-01-17,10.899305555555554,425.4888888888889,1249.1722222222222,230.0,229.0,228.0,227.0
232.0,1,360,2026-01-17,11.400555555555556,2026-01-17,12.397777777777778,2026-01-17,11.899166666666666,432.44166666666666,1262.2333333333333,231.0,230.0,229.0,228.0
233.0,1,360,2026-01-17,12.400555555555556,2026-01-17,13.3975,2026-01-17,12.899027777777778,434.8666666666667,1271.4666666666667,232.0,231.0,230.0,229.0
234.0,1,360,2026-01-17,13.400277777777776,2026-01-17,14.3975,2026-01-17,13.898888888888887,433.56111111111113,1162.525,233.0,232.0,231.0,230.0
235.0,1,360,2026-01-17,14.400277777777776,2026-01-17,15.3975,2026-01-17,14.898888888888887,427.2861111111111,1375.161111111111,234.0,233.0,232.0,231.0
236.0,1,357,2026-01-17,15.400277777777776,2026-01-17,16.38888888888889,2026-01-17,15.894583333333333,425.4453781512605,1383.2605042016808,235.0,234.0,233.0,232.0
237.0,1,357,2026-01-17,16.391666666666666,2026-01-17,17.380555555555556,2026-01-17,16.886111111111113,417.6302521008403,1024.5714285714287,236.0,235.0,234.0,233.0
238.0,1,360,2026-01-17,17.383333333333333,2026-01-17,18.38055555555556,2026-01-17,17.881944444444446,420.425,1180.786111111111,237.0,236.0,235.0,234.0
239.0,1,361,2026-01-17,18.383333333333333,2026-01-17,19.38305555555556,2026-01-17,18.88319444444445,438.34072022160666,1537.4099722991689,238.0,237.0,236.0,235.0
240.0,1,360,2026-01-17,19.38583333333333,2026-01-17,20.38305555555556,2026-01-17,19.884444444444448,438.2111111111111,1524.9722222222222,239.0,238.0,237.0,236.0
241.0,1,360,2026-01-17,20.38583333333333,2026-01-17,21.38305555555556,2026-01-17,20.884444444444448,433.0722222222222,1623.2027777777778,240.0,239.0,238.0,237.0
242.0,1,360,2026-01-17,21.38583333333333,2026-01-17,22.38277777777778,2026-01-17,21.884305555555557,434.90833333333336,2147.552777777778,241.0,240.0,239.0,238.0
243.0,1,360,2026-01-17,22.385555555555555,2026-01-17,23.38277777777778,2026-01-17,22.884166666666665,425.48055555555555,2462.95,242.0,241.0,240.0,239.0
244.0,1,360,2026-01-17,23.385555555555555,2026-01-18,0.3827777777777778,2026-01-17,11.884166666666667,410.75,2531.3611111111113,243.0,242.0,241.0,240.0
245.0,1,357,2026-01-18,0.4022222222222222,2026-01-18,1.3911111111111112,2026-01-18,0.8966666666666667,411.01960784313724,2718.8599439775912,244.0,243.0,242.0,241.0
246.0,1,357,2026-01-18,1.393888888888889,2026-01-18,2.3825,2026-01-18,1.8881944444444443,413.27450980392155,2950.235294117647,245.0,244.0,243.0,242.0
247.0,1,360,2026-01-18,2.3852777777777776,2026-01-18,3.3825,2026-01-18,2.8838888888888885,415.9166666666667,3119.65,246.0,245.0,244.0,243.0
248.0,1,360,2026-01-18,3.3852777777777776,2026-01-18,4.382499999999999,2026-01-18,3.8838888888888885,419.30555555555554,3263.052777777778,247.0,246.0,245.0,244.0
249.0,1,360,2026-01-18,4.401944444444445,2026-01-18,5.398888888888889,2026-01-18,4.900416666666667,423.8361111111111,3595.8416666666667,248.0,247.0,246.0,245.0
250.0,1,360,2026-01-18,5.401666666666667,2026-01-18,6.398888888888889,2026-01-18,5.900277777777778,419.8666666666667,3280.097222222222,249.0,248.0,247.0,246.0
251.0,1,360,2026-01-18,6.401666666666667,2026-01-18,7.398888888888889,2026-01-18,6.900277777777778,420.18333333333334,3293.6,250.0,249.0,248.0,247.0
252.0,1,360,2026-01-18,7.401666666666667,2026-01-18,8.39861111111111,2026-01-18,7.900138888888889,420.7888888888889,3300.163888888889,251.0,250.0,249.0,248.0
253.0,1,360,2026-01-18,8.401388888888889,2026-01-18,9.39861111111111,2026-01-18,8.899999999999999,426.55833333333334,3409.0333333333333,252.0,251.0,250.0,249.0
254.0,1,360,2026-01-18,9.401388888888889,2026-01-18,10.39861111111111,2026-01-18,9.899999999999999,428.51944444444445,3443.527777777778,253.0,252.0,251.0,250.0
255.0,1,360,2026-01-18,10.401388888888889,2026-01-18,11.398333333333332,2026-01-18,10.899861111111111,428.6388888888889,3572.936111111111,254.0,253.0,252.0,251.0
256.0,1,360,2026-01-18,11.401111111111112,2026-01-18,12.398333333333332,2026-01-18,11.899722222222222,429.64166666666665,3577.025,255.0,254.0,253.0,252.0
257.0,1,360,2026-01-18,12.401111111111112,2026-01-18,13.398333333333332,2026-01-18,12.899722222222222,440.09166666666664,3804.836111111111,256.0,255.0,254.0,253.0
258.0,1,360,2026-01-18,13.401111111111112,2026-01-18,14.398055555555556,2026-01-18,13.899583333333334,437.46944444444443,3851.072222222222,257.0,256.0,255.0,254.0
259.0,1,280,2026-01-18,14.400833333333331,2026-01-18,15.175833333333332,2026-01-18,14.78833333333333,430.16785714285714,3808.092857142857,258.0,257.0,256.0,255.0
286.0,1,360,2026-01-19,21.385277777777777,2026-01-19,22.3825,2026-01-19,21.88388888888889,393.31111111111113,914.1527777777778,285.0,284.0,283.0,282.0
287.0,1,360,2026-01-19,23.385,2026-01-20,0.3822222222222222,2026-01-19,11.883611111111112,393.84444444444443,1249.9527777777778,286.0,285.0,284.0,283.0
288.0,1,357,2026-01-20,0.4016666666666666,2026-01-20,1.3902777777777775,2026-01-20,0.8959722222222221,396.07282913165267,1436.3781512605042,287.0,286.0,285.0,284.0
289.0,1,357,2026-01-20,1.3930555555555555,2026-01-20,2.3819444444444446,2026-01-20,1.8875000000000002,401.0980392156863,1723.9579831932774,288.0,287.0,286.0,285.0
290.0,1,360,2026-01-20,2.3847222222222224,2026-01-20,3.3819444444444446,2026-01-20,2.8833333333333337,400.85277777777776,1889.575,289.0,288.0,287.0,286.0
291.0,1,360,2026-01-20,3.3847222222222224,2026-01-20,4.381666666666666,2026-01-20,3.8831944444444444,401.0361111111111,1984.6805555555557,290.0,289.0,288.0,287.0
292.0,1,360,2026-01-20,4.401111111111112,2026-01-20,5.398333333333333,2026-01-20,4.8997222222222225,401.60833333333335,2102.4416666666666,291.0,290.0,289.0,288.0
293.0,1,360,2026-01-20,5.401111111111112,2026-01-20,6.398333333333333,2026-01-20,5.8997222222222225,398.5027777777778,2133.641666666667,292.0,291.0,290.0,289.0
294.0,1,360,2026-01-20,6.401111111111112,2026-01-20,7.398055555555556,2026-01-20,6.899583333333334,397.89722222222224,1986.9722222222222,293.0,292.0,291.0,290.0
295.0,1,360,2026-01-20,7.400833333333334,2026-01-20,8.398055555555555,2026-01-20,7.899444444444445,393.1166666666667,1284.0972222222222,294.0,293.0,292.0,291.0
296.0,1,360,2026-01-20,8.400833333333333,2026-01-20,9.397777777777778,2026-01-20,8.899305555555555,391.10277777777776,809.7694444444444,295.0,294.0,293.0,292.0
297.0,1,360,2026-01-20,9.400555555555556,2026-01-20,10.397777777777778,2026-01-20,9.899166666666666,391.9194444444444,641.6027777777778,296.0,295.0,294.0,293.0
298.0,1,360,2026-01-20,10.400555555555556,2026-01-20,11.397777777777778,2026-01-20,10.899166666666666,394.0888888888889,606.6777777777778,297.0,296.0,295.0,294.0
299.0,1,360,2026-01-20,11.400555555555556,2026-01-20,12.3975,2026-01-20,11.899027777777778,398.8222222222222,739.7361111111111,298.0,297.0,296.0,295.0
300.0,1,360,2026-01-20,12.400277777777776,2026-01-20,13.3975,2026-01-20,12.898888888888887,400.7611111111111,672.5083333333333,299.0,298.0,297.0,296.0
301.0,1,360,2026-01-20,13.400277777777776,2026-01-20,14.397222222222222,2026-01-20,13.89875,392.97777777777776,748.4222222222222,300.0,299.0,298.0,297.0
302.0,1,360,2026-01-20,14.4,2026-01-20,15.397222222222222,2026-01-20,14.898611111111112,390.3777777777778,584.8277777777778,301.0,300.0,299.0,298.0
303.0,1,358,2026-01-20,15.4,2026-01-20,16.391388888888887,2026-01-20,15.895694444444445,389.1815642458101,455.536312849162,302.0,301.0,300.0,299.0
304.0,1,357,2026-01-20,16.394166666666667,2026-01-20,17.383055555555558,2026-01-20,16.88861111111111,388.4677871148459,423.218487394958,303.0,302.0,301.0,300.0
305.0,1,360,2026-01-20,17.385833333333334,2026-01-20,18.38305555555556,2026-01-20,17.884444444444448,388.35,358.7,304.0,303.0,302.0,301.0
306.0,1,360,2026-01-20,18.38583333333333,2026-01-20,19.38277777777778,2026-01-20,18.884305555555557,389.3305555555556,337.9861111111111,305.0,304.0,303.0,302.0
307.0,1,360,2026-01-20,19.385555555555555,2026-01-20,20.38277777777778,2026-01-20,19.884166666666665,390.2916666666667,358.425,306.0,305.0,304.0,303.0
308.0,1,289,2026-01-20,20.385555555555555,2026-01-20,21.185277777777777,2026-01-20,20.785416666666666,391.65051903114187,427.29411764705884,307.0,306.0,305.0,304.0
